Date,Campaign,Platform,Product,Content Type,Reach,Clicks,Orders,Ad Spend,Revenue,CTR,ROAS
2026-04-23,Flash Sale,Instagram,Denim Jacket,Video,16658,1439,79,61.56,4661,0.0864,75.71
2026-04-08,Summer Sale,Facebook,Oversized Hoodie,Reel,41753,1327,77,453.71,2233,0.0318,4.92
2026-04-12,Flash Sale,Instagram,Tote Bag,Image,35678,2447,149,77.24,3874,0.0686,50.16
2026-05-23,Flash Sale,Instagram,Sneakers,Carousel,44128,3512,121,435.74,7018,0.0796,16.11
2026-04-18,Summer Sale,TikTok,Tote Bag,Image,24535,1872,110,342.37,6380,0.0763,18.63
2026-04-16,Weekend Deal,Facebook,Sneakers,Image,13436,423,13,353.31,442,0.0315,1.25
2026-04-16,Buy 2 Get 1,Facebook,Oversized Hoodie,Carousel,39950,3611,122,336.5,6832,0.0904,20.3
2026-05-16,Summer Sale,Instagram,Denim Jacket,Carousel,26713,1562,109,201.86,4142,0.0585,20.52
2026-04-22,Weekend Deal,Facebook,Oversized Hoodie,Reel,38121,2413,140,101.64,8120,0.0633,79.89
2026-04-23,Summer Sale,TikTok,Cargo Pants,Reel,8613,856,39,287.17,1560,0.0995,5.43
2026-05-16,Flash Sale,Instagram,Sneakers,Video,18318,633,18,170.12,954,0.0346,5.61
2026-05-28,New Arrival,Facebook,Tote Bag,Video,8127,659,27,428.93,1134,0.0811,2.64
2026-05-28,New Arrival,Instagram,Cargo Pants,Reel,25182,2611,136,36.7,3536,0.1037,96.35
2026-05-14,Buy 2 Get 1,Facebook,Tote Bag,Image,32982,1335,28,197.14,1568,0.0405,7.95
2026-04-22,Flash Sale,TikTok,Cargo Pants,Reel,41613,4444,154,400.17,8316,0.1068,20.78
2026-04-22,New Arrival,TikTok,Cargo Pants,Carousel,16778,607,25,92.63,1400,0.0362,15.11
2026-04-13,Summer Sale,Facebook,Sneakers,Carousel,7253,761,23,310.52,1104,0.105,3.56
2026-04-13,Buy 2 Get 1,Instagram,Sneakers,Carousel,34190,3832,113,353.13,5989,0.1121,16.96
2026-05-21,Summer Sale,TikTok,Tote Bag,Reel,16351,896,58,181.9,3306,0.0548,18.17
2026-05-18,Summer Sale,Facebook,Cargo Pants,Video,25748,1761,105,356.47,5670,0.0684,15.91
2026-05-24,Buy 2 Get 1,Instagram,Denim Jacket,Reel,35366,866,30,275.93,870,0.0245,3.15
2026-05-04,Flash Sale,TikTok,Sneakers,Carousel,16827,553,33,285.34,990,0.0329,3.47
2026-04-20,Buy 2 Get 1,Instagram,Oversized Hoodie,Carousel,27448,735,17,455.06,1020,0.0268,2.24
2026-05-08,Weekend Deal,Facebook,Sneakers,Image,44188,2580,130,85.35,6500,0.0584,76.16
2026-05-04,Buy 2 Get 1,Instagram,Sneakers,Reel,33522,1746,66,224.71,2574,0.0521,11.45
2026-04-15,Summer Sale,Facebook,Denim Jacket,Reel,37834,4411,237,223.71,11376,0.1166,50.85
2026-05-02,Flash Sale,Instagram,Oversized Hoodie,Reel,48853,3888,286,385.35,16016,0.0796,41.56
2026-04-23,Summer Sale,Facebook,Oversized Hoodie,Image,49860,4711,342,391.94,16074,0.0945,41.01
2026-05-06,Weekend Deal,Facebook,Tote Bag,Carousel,49758,3020,159,424.31,4293,0.0607,10.12
2026-05-12,Buy 2 Get 1,Facebook,Oversized Hoodie,Carousel,34579,4031,265,467.3,10070,0.1166,21.55
2026-05-24,Flash Sale,TikTok,Sneakers,Image,44673,4918,134,196.59,4824,0.1101,24.54
2026-04-05,Buy 2 Get 1,TikTok,Oversized Hoodie,Image,34914,1326,64,373.85,2304,0.038,6.16
2026-05-23,Buy 2 Get 1,TikTok,Sneakers,Video,48347,1126,60,240.71,3540,0.0233,14.71
2026-04-09,New Arrival,Facebook,Tote Bag,Image,24464,1259,49,233.93,2058,0.0515,8.8
2026-04-27,Weekend Deal,TikTok,Tote Bag,Video,37167,2107,61,397.75,2928,0.0567,7.36
2026-05-14,Flash Sale,TikTok,Sneakers,Carousel,21959,713,55,471.91,2915,0.0325,6.18
2026-04-07,Weekend Deal,Instagram,Oversized Hoodie,Video,9229,450,10,272.18,470,0.0488,1.73
2026-04-03,New Arrival,TikTok,Cargo Pants,Video,26004,1097,35,482.82,1680,0.0422,3.48
2026-04-14,Summer Sale,Instagram,Denim Jacket,Image,11370,932,64,406.47,1856,0.082,4.57
2026-04-13,Buy 2 Get 1,TikTok,Oversized Hoodie,Video,15392,484,30,159.55,630,0.0315,3.95
2026-05-04,Buy 2 Get 1,TikTok,Cargo Pants,Video,16081,1387,74,356.26,3182,0.0863,8.93
2026-04-23,Summer Sale,Instagram,Oversized Hoodie,Image,35434,4184,120,167.64,3000,0.1181,17.9
2026-04-29,Summer Sale,Facebook,Denim Jacket,Carousel,35370,3558,223,115.65,12711,0.1006,109.91
2026-05-10,Weekend Deal,Facebook,Sneakers,Carousel,10598,676,41,387.65,1804,0.0638,4.65
2026-05-28,New Arrival,Facebook,Oversized Hoodie,Image,13107,266,20,373.12,420,0.0203,1.13
2026-05-18,Buy 2 Get 1,Instagram,Denim Jacket,Video,5097,581,37,446.46,2072,0.114,4.64
2026-05-30,Summer Sale,TikTok,Oversized Hoodie,Video,47516,3863,157,220.22,9420,0.0813,42.78
2026-05-07,Flash Sale,Instagram,Tote Bag,Carousel,33533,3544,255,316.04,9945,0.1057,31.47
2026-05-14,Flash Sale,Facebook,Denim Jacket,Reel,42673,1527,122,117.04,7076,0.0358,60.46
2026-04-03,New Arrival,Instagram,Denim Jacket,Image,46425,4517,117,294.56,2808,0.0973,9.53
2026-04-05,Buy 2 Get 1,Instagram,Oversized Hoodie,Reel,31521,2635,146,310.63,8614,0.0836,27.73
2026-05-19,Summer Sale,TikTok,Oversized Hoodie,Video,36152,3582,263,436.92,6838,0.0991,15.65
2026-05-20,Flash Sale,TikTok,Cargo Pants,Video,16469,846,62,74.4,1860,0.0514,25.0
2026-05-25,Flash Sale,Facebook,Cargo Pants,Video,43238,2174,58,171.74,1218,0.0503,7.09
2026-04-16,Weekend Deal,Facebook,Oversized Hoodie,Carousel,30658,3096,90,182.71,5400,0.101,29.56
2026-05-12,Weekend Deal,TikTok,Oversized Hoodie,Video,5499,443,24,470.52,624,0.0806,1.33
2026-04-27,Summer Sale,Instagram,Denim Jacket,Video,9514,957,58,70.59,3306,0.1006,46.83
2026-05-08,Flash Sale,Instagram,Tote Bag,Carousel,35567,2148,61,465.48,3599,0.0604,7.73
2026-04-28,Buy 2 Get 1,Facebook,Cargo Pants,Image,23777,1127,43,123.87,946,0.0474,7.64
2026-04-28,Flash Sale,Facebook,Oversized Hoodie,Carousel,27287,1034,50,79.38,1600,0.0379,20.16
2026-04-23,Buy 2 Get 1,Instagram,Oversized Hoodie,Video,10016,650,17,100.9,442,0.0649,4.38
2026-04-05,Summer Sale,Facebook,Cargo Pants,Carousel,16765,526,40,265.2,1960,0.0314,7.39
2026-04-20,Weekend Deal,Instagram,Tote Bag,Reel,18146,1856,116,153.8,4988,0.1023,32.43
2026-05-12,Buy 2 Get 1,Facebook,Sneakers,Carousel,7434,406,12,313.35,336,0.0547,1.07
2026-04-27,Summer Sale,Instagram,Denim Jacket,Reel,7903,836,39,425.64,1092,0.1058,2.57
2026-05-03,Buy 2 Get 1,Instagram,Denim Jacket,Image,37089,3274,216,253.3,6264,0.0883,24.73
2026-04-29,Buy 2 Get 1,TikTok,Sneakers,Carousel,32837,899,43,364.4,860,0.0274,2.36
2026-04-18,Summer Sale,Facebook,Denim Jacket,Carousel,38450,4167,138,325.87,7728,0.1084,23.71
2026-04-01,Summer Sale,TikTok,Oversized Hoodie,Reel,38736,3335,121,390.15,2783,0.0861,7.13
2026-05-15,Buy 2 Get 1,TikTok,Cargo Pants,Carousel,45549,3224,170,275.1,4250,0.0708,15.45
2026-04-19,New Arrival,TikTok,Cargo Pants,Reel,12246,841,62,416.87,2666,0.0687,6.4
2026-05-04,Flash Sale,Facebook,Cargo Pants,Video,36880,1674,47,197.79,1692,0.0454,8.55
2026-04-23,Weekend Deal,TikTok,Denim Jacket,Video,11502,1030,24,412.61,1368,0.0896,3.32
2026-05-25,Buy 2 Get 1,TikTok,Oversized Hoodie,Image,34786,1554,78,427.23,4056,0.0447,9.49
2026-05-16,Weekend Deal,TikTok,Sneakers,Carousel,7383,594,18,456.61,540,0.0805,1.18
2026-05-04,Flash Sale,Facebook,Cargo Pants,Image,15778,1549,31,442.0,1364,0.0982,3.09
2026-04-05,Buy 2 Get 1,TikTok,Cargo Pants,Reel,37858,1056,73,472.04,2044,0.0279,4.33
2026-04-30,New Arrival,Facebook,Cargo Pants,Image,26167,1619,92,139.95,3036,0.0619,21.69
2026-05-09,Weekend Deal,TikTok,Tote Bag,Carousel,34436,878,20,75.82,600,0.0255,7.91
2026-04-07,New Arrival,TikTok,Denim Jacket,Carousel,21661,1899,84,231.13,4284,0.0877,18.54
2026-04-02,Flash Sale,Facebook,Denim Jacket,Carousel,7185,405,11,69.38,330,0.0565,4.76
2026-05-09,Flash Sale,Instagram,Sneakers,Reel,42455,3099,209,454.02,5643,0.073,12.43
2026-05-24,Flash Sale,Instagram,Tote Bag,Reel,8283,884,41,253.02,2419,0.1068,9.56
2026-04-03,Summer Sale,Facebook,Tote Bag,Reel,48146,2041,160,60.55,4000,0.0424,66.06
2026-05-17,Buy 2 Get 1,Facebook,Cargo Pants,Reel,15576,1261,51,175.92,1326,0.081,7.54
2026-05-07,Buy 2 Get 1,TikTok,Cargo Pants,Video,17516,472,21,300.81,1176,0.027,3.91
2026-04-06,Weekend Deal,Instagram,Cargo Pants,Reel,7268,512,28,126.6,1260,0.0705,9.95
2026-04-21,New Arrival,Instagram,Tote Bag,Video,34245,934,38,265.92,1976,0.0273,7.43
2026-04-25,New Arrival,TikTok,Oversized Hoodie,Reel,42086,2668,132,131.99,3960,0.0634,30.0
2026-04-20,Weekend Deal,Instagram,Sneakers,Video,40766,2572,172,145.32,5848,0.0631,40.24
2026-04-04,New Arrival,TikTok,Sneakers,Carousel,12639,1122,60,167.02,2280,0.0888,13.65
2026-05-10,Summer Sale,TikTok,Oversized Hoodie,Video,46828,3769,188,405.67,6392,0.0805,15.76
2026-04-25,Weekend Deal,Facebook,Sneakers,Reel,23942,1400,102,262.18,3468,0.0585,13.23
2026-04-05,Flash Sale,Instagram,Tote Bag,Reel,31206,2668,116,243.5,2436,0.0855,10.0
2026-05-10,Summer Sale,Instagram,Tote Bag,Image,35604,3154,246,185.27,9594,0.0886,51.78
2026-05-03,Weekend Deal,Facebook,Cargo Pants,Video,47025,4345,291,413.27,7275,0.0924,17.6
2026-05-10,Weekend Deal,TikTok,Sneakers,Video,38998,3260,123,364.1,2829,0.0836,7.77
2026-05-12,Weekend Deal,TikTok,Denim Jacket,Video,33832,1661,38,277.14,1634,0.0491,5.9
2026-05-10,Summer Sale,Instagram,Tote Bag,Video,16305,732,37,405.93,999,0.0449,2.46
2026-04-28,Summer Sale,Facebook,Sneakers,Image,43667,2030,63,247.74,2079,0.0465,8.39
2026-05-02,Flash Sale,Instagram,Cargo Pants,Image,7424,561,18,262.14,756,0.0757,2.88
2026-05-28,New Arrival,Facebook,Tote Bag,Video,10268,697,46,250.79,2530,0.0679,10.09
2026-05-02,Flash Sale,TikTok,Oversized Hoodie,Image,38932,938,34,29.5,1768,0.0241,59.93
2026-05-03,Summer Sale,Facebook,Denim Jacket,Carousel,36231,2648,190,21.26,7220,0.0731,339.6
2026-05-01,New Arrival,TikTok,Oversized Hoodie,Carousel,36023,1599,37,196.38,1073,0.0444,5.46
2026-04-13,New Arrival,Instagram,Cargo Pants,Video,6522,176,10,334.8,220,0.027,0.66
2026-04-29,New Arrival,TikTok,Denim Jacket,Reel,32377,1991,157,445.88,6751,0.0615,15.14
2026-05-15,Weekend Deal,Facebook,Cargo Pants,Carousel,26227,2643,67,186.1,2412,0.1008,12.96
2026-04-30,Summer Sale,Facebook,Sneakers,Carousel,27299,2003,152,68.41,7600,0.0734,111.09
2026-05-08,New Arrival,Facebook,Denim Jacket,Reel,48103,5666,141,291.78,6909,0.1178,23.68
2026-05-09,Buy 2 Get 1,Instagram,Oversized Hoodie,Reel,36827,2448,126,487.87,5292,0.0665,10.85
2026-05-06,Weekend Deal,TikTok,Denim Jacket,Reel,31676,1574,55,71.76,2750,0.0497,38.32
2026-04-15,Weekend Deal,Instagram,Cargo Pants,Carousel,44347,4997,287,61.73,8323,0.1127,134.83
2026-04-22,Weekend Deal,TikTok,Oversized Hoodie,Reel,14224,630,21,290.66,882,0.0443,3.03
2026-04-10,Summer Sale,Instagram,Oversized Hoodie,Reel,34278,3136,79,420.13,4108,0.0915,9.78
2026-04-20,New Arrival,TikTok,Sneakers,Carousel,36448,3050,107,203.51,6099,0.0837,29.97
2026-04-17,New Arrival,TikTok,Cargo Pants,Video,36439,3898,90,59.84,3960,0.107,66.18
2026-04-11,New Arrival,Facebook,Sneakers,Reel,46552,2118,92,243.59,3220,0.0455,13.22
2026-04-08,Buy 2 Get 1,TikTok,Sneakers,Carousel,44653,2531,198,274.84,9108,0.0567,33.14
2026-05-08,Weekend Deal,Instagram,Cargo Pants,Reel,35564,2457,149,53.86,3576,0.0691,66.39
2026-05-24,Flash Sale,Instagram,Denim Jacket,Image,10211,1032,27,119.33,783,0.1011,6.56
2026-04-29,Buy 2 Get 1,Facebook,Sneakers,Image,47452,2609,201,322.13,6030,0.055,18.72
2026-04-15,Flash Sale,Instagram,Sneakers,Video,47167,999,56,310.97,2128,0.0212,6.84
2026-04-09,Flash Sale,Facebook,Tote Bag,Video,16439,1706,72,87.01,3024,0.1038,34.75
2026-04-23,Summer Sale,TikTok,Cargo Pants,Image,33336,3290,246,325.15,5166,0.0987,15.89
2026-05-16,Buy 2 Get 1,Facebook,Denim Jacket,Reel,34353,2013,85,179.66,2125,0.0586,11.83
2026-05-29,Buy 2 Get 1,Facebook,Denim Jacket,Image,9320,287,22,435.33,462,0.0309,1.06
2026-04-19,Weekend Deal,Facebook,Sneakers,Reel,46018,1564,121,52.64,2420,0.034,45.97
2026-05-23,Buy 2 Get 1,Instagram,Denim Jacket,Image,23523,1505,109,112.85,2725,0.064,24.15
2026-04-29,Weekend Deal,Instagram,Tote Bag,Carousel,36657,854,64,44.2,2432,0.0233,55.02
2026-05-12,Buy 2 Get 1,Facebook,Oversized Hoodie,Carousel,23378,1447,86,496.84,4558,0.0619,9.17
2026-04-25,Weekend Deal,Facebook,Sneakers,Image,37817,2711,214,131.42,8774,0.0717,66.76
2026-05-10,Buy 2 Get 1,TikTok,Cargo Pants,Reel,44318,1453,40,352.1,1400,0.0328,3.98
2026-05-13,New Arrival,Facebook,Oversized Hoodie,Video,7506,299,18,130.91,1008,0.0399,7.7
2026-04-27,Weekend Deal,Instagram,Denim Jacket,Video,10467,473,25,128.36,1325,0.0452,10.32
2026-04-11,Summer Sale,Instagram,Cargo Pants,Image,29936,1439,44,492.03,2156,0.0481,4.38
2026-05-25,Summer Sale,Facebook,Oversized Hoodie,Reel,26604,1308,40,410.49,2280,0.0492,5.55
2026-04-17,Summer Sale,Facebook,Oversized Hoodie,Image,6090,177,12,367.67,252,0.0292,0.69
2026-04-26,Flash Sale,TikTok,Denim Jacket,Reel,26902,2816,170,58.95,7650,0.1047,129.77
2026-05-12,Summer Sale,TikTok,Tote Bag,Video,32527,1187,28,206.61,756,0.0365,3.66
2026-05-02,Flash Sale,Facebook,Tote Bag,Image,7698,345,18,376.49,432,0.0449,1.15
2026-04-13,New Arrival,Instagram,Tote Bag,Image,10606,1113,38,107.92,1444,0.105,13.38
2026-05-20,Flash Sale,Instagram,Oversized Hoodie,Carousel,43141,2937,141,479.04,3666,0.0681,7.65
2026-05-17,Summer Sale,Facebook,Oversized Hoodie,Video,42529,3006,73,309.57,2190,0.0707,7.07
2026-04-06,New Arrival,Facebook,Oversized Hoodie,Carousel,46159,5068,148,194.81,8584,0.1098,44.06
2026-05-16,Buy 2 Get 1,Facebook,Sneakers,Video,14693,1576,36,190.26,1800,0.1073,9.46
2026-05-17,Flash Sale,Instagram,Sneakers,Video,5186,419,14,470.76,336,0.0809,0.71
2026-05-16,Weekend Deal,Facebook,Sneakers,Reel,34746,1924,79,416.05,1580,0.0554,3.8
2026-04-01,New Arrival,Instagram,Cargo Pants,Reel,18764,1748,87,451.04,3654,0.0932,8.1
2026-05-24,Weekend Deal,Facebook,Sneakers,Carousel,23626,848,53,341.32,2438,0.0359,7.14
2026-04-09,Summer Sale,TikTok,Tote Bag,Carousel,38281,1979,141,93.32,8319,0.0517,89.14
2026-04-18,Flash Sale,TikTok,Denim Jacket,Image,35529,4060,259,415.45,12173,0.1143,29.3
2026-05-14,Weekend Deal,Facebook,Sneakers,Carousel,30427,1916,143,26.3,5005,0.063,190.3
2026-05-15,New Arrival,TikTok,Denim Jacket,Carousel,46234,3902,271,366.22,13279,0.0844,36.26
2026-04-16,Flash Sale,Instagram,Tote Bag,Image,18156,1450,114,309.95,4788,0.0799,15.45
2026-04-07,New Arrival,TikTok,Tote Bag,Reel,21604,1741,84,136.77,2604,0.0806,19.04
2026-05-12,Flash Sale,TikTok,Tote Bag,Image,43386,4178,237,358.49,5214,0.0963,14.54
2026-05-07,Weekend Deal,TikTok,Tote Bag,Image,33329,3332,107,418.85,4601,0.1,10.98
2026-05-01,Weekend Deal,Instagram,Denim Jacket,Video,25982,594,43,394.77,1548,0.0229,3.92
2026-04-18,Weekend Deal,Instagram,Oversized Hoodie,Image,5836,577,35,120.46,1925,0.099,15.98
2026-05-12,New Arrival,TikTok,Sneakers,Image,33211,2431,143,267.63,7436,0.0732,27.78
2026-05-26,Summer Sale,Instagram,Cargo Pants,Carousel,48807,2664,187,74.8,7293,0.0546,97.5
2026-05-18,New Arrival,Facebook,Oversized Hoodie,Reel,42390,3492,88,75.55,4752,0.0824,62.9
2026-04-08,Buy 2 Get 1,Facebook,Cargo Pants,Video,47562,3719,161,23.4,9016,0.0782,385.3
2026-05-19,Weekend Deal,Instagram,Denim Jacket,Image,44910,2811,150,389.0,5100,0.0626,13.11
2026-04-01,New Arrival,TikTok,Cargo Pants,Carousel,7758,181,13,437.23,728,0.0234,1.67
2026-05-23,Flash Sale,TikTok,Oversized Hoodie,Video,29524,2258,148,130.77,2960,0.0765,22.64
2026-04-04,Summer Sale,Facebook,Oversized Hoodie,Reel,27311,2163,113,253.79,3277,0.0792,12.91
2026-04-23,New Arrival,Instagram,Tote Bag,Image,35114,3767,176,238.6,4224,0.1073,17.7
2026-04-14,Summer Sale,Instagram,Denim Jacket,Video,11133,626,27,313.18,1323,0.0563,4.22
2026-05-04,New Arrival,TikTok,Sneakers,Video,38384,4410,304,350.15,7600,0.1149,21.7
2026-04-22,Flash Sale,Instagram,Sneakers,Carousel,9179,1050,36,69.25,1584,0.1145,22.87
2026-04-22,Flash Sale,TikTok,Cargo Pants,Reel,49630,4188,293,21.4,12013,0.0844,561.36
2026-04-13,Weekend Deal,Facebook,Oversized Hoodie,Image,10720,1128,60,497.06,3360,0.1053,6.76
2026-04-26,Flash Sale,Facebook,Sneakers,Image,31333,2102,44,335.23,1496,0.0671,4.46
2026-04-07,Flash Sale,TikTok,Cargo Pants,Carousel,44247,2716,185,70.41,3885,0.0614,55.18
2026-05-20,Buy 2 Get 1,Facebook,Tote Bag,Carousel,7473,325,7,288.92,217,0.0435,0.75
2026-05-27,New Arrival,Instagram,Denim Jacket,Carousel,32544,1135,71,31.17,2840,0.0349,91.11
2026-04-06,Weekend Deal,TikTok,Sneakers,Video,36278,2717,114,199.6,3990,0.0749,19.99
2026-04-26,Weekend Deal,Instagram,Denim Jacket,Carousel,15056,703,22,195.8,1034,0.0467,5.28
2026-04-04,Summer Sale,Facebook,Oversized Hoodie,Video,13314,394,24,234.03,1152,0.0296,4.92
2026-04-27,Flash Sale,Facebook,Oversized Hoodie,Video,28096,2997,196,118.37,5292,0.1067,44.71
2026-04-02,Flash Sale,Facebook,Sneakers,Image,34787,1384,28,112.19,784,0.0398,6.99
2026-05-19,Buy 2 Get 1,Facebook,Oversized Hoodie,Reel,17358,985,28,131.08,1148,0.0568,8.76
2026-04-16,Buy 2 Get 1,Facebook,Oversized Hoodie,Reel,34782,3857,165,42.77,8745,0.1109,204.47
2026-05-11,Flash Sale,TikTok,Denim Jacket,Image,15588,349,7,82.0,301,0.0224,3.67
2026-05-06,Flash Sale,Instagram,Denim Jacket,Image,30482,3362,93,57.17,3069,0.1103,53.68
2026-05-16,Summer Sale,Instagram,Cargo Pants,Image,42277,5039,258,37.7,9546,0.1192,253.21
2026-05-22,Weekend Deal,Instagram,Oversized Hoodie,Carousel,29571,1590,57,458.3,1767,0.0538,3.86
2026-04-04,Summer Sale,Facebook,Cargo Pants,Video,31978,2785,70,193.11,4130,0.0871,21.39
2026-05-23,Flash Sale,Facebook,Tote Bag,Carousel,17511,1399,46,335.49,1978,0.0799,5.9
2026-04-20,Weekend Deal,TikTok,Tote Bag,Image,16909,1731,45,234.11,2430,0.1024,10.38
2026-05-16,New Arrival,Facebook,Tote Bag,Video,47410,3925,145,238.26,3335,0.0828,14.0
2026-04-04,Buy 2 Get 1,Facebook,Oversized Hoodie,Image,33739,3724,242,371.79,13794,0.1104,37.1
2026-05-30,New Arrival,Facebook,Oversized Hoodie,Carousel,37070,2913,123,117.77,5904,0.0786,50.13
2026-04-19,Buy 2 Get 1,Instagram,Denim Jacket,Video,12001,308,12,93.83,456,0.0257,4.86
2026-04-29,New Arrival,TikTok,Cargo Pants,Image,12892,844,64,354.68,1984,0.0655,5.59
2026-05-13,Buy 2 Get 1,Instagram,Tote Bag,Reel,11593,419,10,412.7,430,0.0362,1.04
2026-04-05,New Arrival,TikTok,Sneakers,Image,43953,1476,55,268.35,3190,0.0336,11.89
2026-05-23,Summer Sale,TikTok,Oversized Hoodie,Carousel,41912,1672,97,472.18,2328,0.0399,4.93
2026-04-07,Summer Sale,Facebook,Tote Bag,Carousel,26642,1404,108,383.54,3240,0.0527,8.45
2026-05-16,Summer Sale,Instagram,Oversized Hoodie,Reel,12886,1530,58,78.62,2146,0.1188,27.3
2026-05-24,New Arrival,TikTok,Tote Bag,Video,37658,3457,170,118.75,3400,0.0918,28.63
2026-05-23,Summer Sale,TikTok,Denim Jacket,Carousel,28809,2693,134,297.32,7638,0.0935,25.69
2026-05-22,New Arrival,Instagram,Oversized Hoodie,Carousel,45423,5001,223,449.35,10927,0.1101,24.32
2026-05-13,Summer Sale,Instagram,Oversized Hoodie,Reel,14182,1296,85,102.93,3995,0.0914,38.81
2026-05-20,New Arrival,TikTok,Oversized Hoodie,Carousel,38247,1778,53,380.87,2862,0.0465,7.51
2026-05-26,New Arrival,Facebook,Oversized Hoodie,Reel,39392,2052,85,464.81,1700,0.0521,3.66
2026-04-29,Flash Sale,Facebook,Sneakers,Image,42255,2163,159,91.48,8904,0.0512,97.33
2026-05-22,Summer Sale,TikTok,Tote Bag,Carousel,47683,996,68,313.16,3876,0.0209,12.38
2026-05-06,Summer Sale,Facebook,Oversized Hoodie,Reel,25127,937,68,325.42,3060,0.0373,9.4
2026-05-22,Summer Sale,TikTok,Tote Bag,Carousel,37178,3424,155,220.15,5270,0.0921,23.94
2026-04-29,New Arrival,TikTok,Tote Bag,Reel,42335,1629,66,138.31,1848,0.0385,13.36
2026-05-12,Summer Sale,Facebook,Cargo Pants,Reel,46142,2380,154,358.79,7084,0.0516,19.74
2026-04-01,New Arrival,TikTok,Cargo Pants,Carousel,43147,2675,61,414.49,2257,0.062,5.45
2026-04-14,Summer Sale,TikTok,Tote Bag,Carousel,12848,589,21,152.1,735,0.0459,4.83
2026-04-05,New Arrival,Instagram,Oversized Hoodie,Carousel,45626,3755,265,174.22,11130,0.0823,63.88
2026-04-23,New Arrival,Facebook,Sneakers,Carousel,44558,4593,99,452.81,4752,0.1031,10.49
2026-04-07,Buy 2 Get 1,Facebook,Denim Jacket,Carousel,48734,1510,36,487.79,720,0.031,1.48
2026-05-28,Weekend Deal,Instagram,Cargo Pants,Image,37526,1189,60,488.06,2640,0.0317,5.41
2026-05-18,Flash Sale,TikTok,Denim Jacket,Carousel,20353,2102,142,180.73,3692,0.1033,20.43
2026-04-11,Flash Sale,Instagram,Cargo Pants,Video,33812,3942,96,392.87,2208,0.1166,5.62
2026-05-12,Flash Sale,TikTok,Tote Bag,Video,30122,1488,71,191.1,3408,0.0494,17.83
2026-05-05,Weekend Deal,TikTok,Tote Bag,Image,5349,489,25,241.13,725,0.0916,3.01
2026-05-06,New Arrival,Instagram,Oversized Hoodie,Reel,31970,3462,131,480.95,4061,0.1083,8.44
2026-04-09,New Arrival,Facebook,Oversized Hoodie,Image,8347,497,17,237.81,765,0.0596,3.22
2026-05-16,Flash Sale,Facebook,Sneakers,Reel,33877,3933,193,48.5,8685,0.1161,179.07
2026-05-24,New Arrival,TikTok,Oversized Hoodie,Reel,17604,1406,78,132.36,3822,0.0799,28.88
2026-05-12,Buy 2 Get 1,Instagram,Oversized Hoodie,Reel,15119,444,16,86.98,848,0.0294,9.75
2026-05-06,Flash Sale,TikTok,Denim Jacket,Reel,24151,1820,79,469.21,3081,0.0754,6.57
2026-04-28,Flash Sale,Instagram,Oversized Hoodie,Reel,31080,3241,154,160.7,8932,0.1043,55.58
2026-04-08,Summer Sale,TikTok,Sneakers,Reel,28781,679,26,143.2,910,0.0236,6.35
2026-04-14,New Arrival,Instagram,Oversized Hoodie,Video,20376,686,29,354.92,1711,0.0337,4.82
2026-05-30,Weekend Deal,TikTok,Denim Jacket,Carousel,22706,1873,98,47.66,3038,0.0825,63.74
2026-05-19,Summer Sale,Facebook,Denim Jacket,Video,7843,909,57,143.82,2223,0.1159,15.46
2026-05-19,Flash Sale,TikTok,Sneakers,Reel,17040,587,35,405.42,1155,0.0345,2.85
2026-04-12,Summer Sale,Instagram,Denim Jacket,Video,46822,1643,129,241.97,2709,0.0351,11.2
2026-04-09,Weekend Deal,Instagram,Cargo Pants,Video,36802,4265,108,161.19,2700,0.1159,16.75
2026-05-08,Weekend Deal,Facebook,Sneakers,Reel,18765,1771,137,345.81,3014,0.0944,8.72
2026-05-28,Weekend Deal,Facebook,Cargo Pants,Image,44180,5222,155,291.56,4650,0.1182,15.95
2026-05-07,Flash Sale,Facebook,Oversized Hoodie,Video,44610,4358,247,358.12,6916,0.0977,19.31
2026-04-09,Weekend Deal,TikTok,Tote Bag,Carousel,36361,3327,126,395.61,3780,0.0915,9.55
2026-05-15,Flash Sale,Instagram,Oversized Hoodie,Image,5229,209,11,83.24,484,0.04,5.81
2026-04-16,New Arrival,Facebook,Tote Bag,Carousel,23276,765,59,226.69,1652,0.0329,7.29
2026-05-11,Buy 2 Get 1,Instagram,Denim Jacket,Video,23567,2092,163,492.85,9454,0.0888,19.18
2026-05-29,Weekend Deal,Instagram,Denim Jacket,Reel,9106,830,27,456.4,1539,0.0912,3.37
2026-04-17,Buy 2 Get 1,Facebook,Tote Bag,Reel,36824,1244,71,186.9,1775,0.0338,9.5
2026-05-17,Summer Sale,Facebook,Cargo Pants,Image,17588,501,15,323.88,765,0.0285,2.36
2026-04-15,Summer Sale,TikTok,Oversized Hoodie,Reel,35509,3973,272,238.99,9792,0.1119,40.97
2026-05-05,Flash Sale,Instagram,Denim Jacket,Carousel,7549,557,15,440.08,855,0.0738,1.94
2026-05-27,New Arrival,Instagram,Tote Bag,Image,30232,2524,135,408.55,5535,0.0835,13.55
2026-05-27,Flash Sale,Instagram,Denim Jacket,Carousel,10360,1204,73,125.44,4234,0.1163,33.75
2026-04-22,Flash Sale,Facebook,Denim Jacket,Reel,43403,5047,197,121.86,4137,0.1163,33.95
2026-05-29,New Arrival,Facebook,Tote Bag,Carousel,35896,3183,154,121.96,4004,0.0887,32.83
2026-05-18,Weekend Deal,Instagram,Sneakers,Reel,11048,285,6,173.08,132,0.0258,0.76
2026-05-03,Weekend Deal,Facebook,Tote Bag,Reel,13036,706,16,225.22,784,0.0542,3.48
2026-05-02,Summer Sale,Instagram,Cargo Pants,Image,44056,4374,302,150.5,7248,0.0993,48.16
2026-05-07,New Arrival,Instagram,Denim Jacket,Video,36634,2564,163,455.27,8476,0.07,18.62
2026-04-03,Weekend Deal,Facebook,Tote Bag,Video,49403,3097,151,45.87,4530,0.0627,98.76
2026-05-04,Flash Sale,TikTok,Cargo Pants,Reel,30413,2527,175,417.42,10150,0.0831,24.32
2026-04-29,Summer Sale,Facebook,Denim Jacket,Carousel,30231,3316,105,170.5,6300,0.1097,36.95
2026-05-18,Buy 2 Get 1,TikTok,Cargo Pants,Carousel,6656,513,12,140.99,684,0.0771,4.85
2026-05-21,New Arrival,Instagram,Denim Jacket,Reel,47238,2645,150,277.72,5700,0.056,20.52
2026-05-11,Summer Sale,Facebook,Tote Bag,Carousel,9006,682,21,110.49,588,0.0758,5.32
2026-04-19,Flash Sale,Facebook,Tote Bag,Video,27839,1417,66,66.65,2376,0.0509,35.65
2026-05-08,New Arrival,Instagram,Cargo Pants,Image,25438,1862,39,281.54,1911,0.0732,6.79
2026-04-12,Summer Sale,Instagram,Cargo Pants,Reel,31326,1660,34,87.46,850,0.053,9.72
2026-05-08,Summer Sale,Instagram,Cargo Pants,Carousel,6374,580,21,408.39,1071,0.091,2.62
2026-04-09,Summer Sale,Instagram,Cargo Pants,Image,32688,1127,87,300.1,2436,0.0345,8.12
2026-04-18,New Arrival,TikTok,Oversized Hoodie,Reel,43752,1868,103,68.12,3914,0.0427,57.46
2026-05-13,New Arrival,TikTok,Oversized Hoodie,Reel,43618,4305,140,387.37,7840,0.0987,20.24
2026-05-21,Weekend Deal,Facebook,Oversized Hoodie,Carousel,26186,866,63,367.65,3465,0.0331,9.42
2026-04-11,New Arrival,Facebook,Tote Bag,Image,9516,235,13,267.44,676,0.0248,2.53
2026-04-06,New Arrival,Instagram,Cargo Pants,Carousel,10823,413,27,228.01,1566,0.0382,6.87
2026-04-13,Weekend Deal,Facebook,Cargo Pants,Image,34855,2659,184,141.26,11040,0.0763,78.15
2026-04-03,New Arrival,TikTok,Cargo Pants,Image,8116,603,44,383.94,1408,0.0743,3.67
2026-05-25,Summer Sale,Facebook,Denim Jacket,Image,13962,548,38,370.31,1330,0.0393,3.59
2026-04-01,Flash Sale,TikTok,Cargo Pants,Reel,42835,2874,190,458.48,8170,0.0671,17.82
2026-04-14,New Arrival,Instagram,Cargo Pants,Reel,31621,1612,78,334.9,2262,0.051,6.75
2026-04-14,Flash Sale,Facebook,Oversized Hoodie,Carousel,38936,1401,100,102.54,3200,0.036,31.21
2026-05-19,New Arrival,Facebook,Tote Bag,Reel,23878,1162,51,214.16,1122,0.0487,5.24
2026-05-09,Flash Sale,Instagram,Denim Jacket,Carousel,34285,2852,130,248.07,3250,0.0832,13.1
2026-05-19,New Arrival,Instagram,Oversized Hoodie,Carousel,26024,2430,58,456.6,1798,0.0934,3.94
2026-05-01,Flash Sale,Instagram,Sneakers,Reel,27585,2667,96,496.95,5280,0.0967,10.62
2026-05-21,Buy 2 Get 1,Instagram,Denim Jacket,Video,13788,988,70,266.38,1890,0.0717,7.1
2026-05-10,New Arrival,TikTok,Denim Jacket,Carousel,31815,3744,116,184.72,5452,0.1177,29.51
2026-05-29,Weekend Deal,Instagram,Oversized Hoodie,Image,37300,2823,78,461.46,3744,0.0757,8.11
2026-05-15,Summer Sale,Instagram,Denim Jacket,Video,20418,1470,96,98.04,5184,0.072,52.88
2026-05-21,Weekend Deal,Instagram,Sneakers,Image,36254,1189,62,122.79,1426,0.0328,11.61
2026-05-03,Summer Sale,TikTok,Tote Bag,Image,25626,517,33,259.9,1320,0.0202,5.08
2026-04-01,Buy 2 Get 1,Instagram,Oversized Hoodie,Carousel,31281,3206,77,365.49,4235,0.1025,11.59
2026-05-30,Summer Sale,Facebook,Cargo Pants,Reel,29252,868,55,292.99,1980,0.0297,6.76
2026-05-07,Summer Sale,Facebook,Sneakers,Video,12276,492,18,308.61,684,0.0401,2.22
2026-04-09,Buy 2 Get 1,TikTok,Denim Jacket,Reel,5592,177,6,186.72,360,0.0317,1.93
2026-04-08,Buy 2 Get 1,Instagram,Tote Bag,Image,16002,1651,78,114.65,4602,0.1032,40.14
2026-04-09,New Arrival,Instagram,Denim Jacket,Video,31350,2376,147,271.69,3528,0.0758,12.99
2026-05-26,Weekend Deal,Instagram,Sneakers,Carousel,14657,662,23,109.37,1196,0.0452,10.94
2026-05-08,Buy 2 Get 1,Facebook,Tote Bag,Carousel,45651,1889,56,367.73,3136,0.0414,8.53
2026-04-20,Weekend Deal,TikTok,Sneakers,Reel,41345,2761,169,213.19,9971,0.0668,46.77
2026-04-28,Buy 2 Get 1,TikTok,Cargo Pants,Video,33921,3073,93,439.58,4185,0.0906,9.52
2026-05-24,Summer Sale,Instagram,Sneakers,Video,19963,1904,40,355.41,880,0.0954,2.48
2026-05-21,New Arrival,Facebook,Cargo Pants,Image,27757,2387,119,294.81,2856,0.086,9.69
2026-04-26,Buy 2 Get 1,TikTok,Cargo Pants,Carousel,30276,2864,222,40.87,9768,0.0946,239.0
2026-05-04,Summer Sale,Facebook,Cargo Pants,Carousel,32775,3585,262,419.07,11266,0.1094,26.88
2026-04-14,Buy 2 Get 1,TikTok,Cargo Pants,Image,5207,466,27,268.69,1269,0.0896,4.72
2026-04-28,Summer Sale,Facebook,Cargo Pants,Carousel,13210,726,25,473.51,750,0.055,1.58
2026-04-19,New Arrival,Facebook,Sneakers,Image,36109,2487,75,432.76,3075,0.0689,7.11
2026-05-14,New Arrival,TikTok,Tote Bag,Video,32100,2622,204,247.2,11628,0.0817,47.04
2026-05-28,New Arrival,Facebook,Sneakers,Carousel,38225,3914,146,276.93,4964,0.1024,17.93
2026-05-11,Buy 2 Get 1,TikTok,Oversized Hoodie,Reel,15791,960,67,470.06,1943,0.0608,4.13
2026-04-06,Flash Sale,Facebook,Denim Jacket,Reel,48825,1323,76,260.32,3648,0.0271,14.01
2026-05-17,Flash Sale,TikTok,Tote Bag,Video,19352,1364,77,110.97,3850,0.0705,34.69
2026-04-21,Weekend Deal,Facebook,Denim Jacket,Carousel,17139,827,42,296.48,1932,0.0483,6.52
2026-05-02,Buy 2 Get 1,Instagram,Sneakers,Image,30636,1311,55,99.18,2970,0.0428,29.95
2026-04-09,Flash Sale,TikTok,Sneakers,Reel,28156,1331,27,53.0,972,0.0473,18.34
2026-04-11,Flash Sale,Facebook,Tote Bag,Reel,7896,339,20,493.45,460,0.043,0.93
2026-04-17,Summer Sale,Facebook,Tote Bag,Video,31257,3472,69,281.64,4140,0.1111,14.7
2026-04-09,Flash Sale,Instagram,Cargo Pants,Reel,9149,256,9,468.69,225,0.028,0.48
2026-04-15,Weekend Deal,Facebook,Oversized Hoodie,Video,40218,3233,230,110.77,9200,0.0804,83.05
2026-05-05,Weekend Deal,Facebook,Sneakers,Carousel,8658,475,26,99.72,702,0.0549,7.04
2026-04-03,Flash Sale,Instagram,Denim Jacket,Image,40884,2387,62,112.38,3162,0.0584,28.14
2026-05-23,Summer Sale,Instagram,Tote Bag,Reel,8923,870,40,471.24,840,0.0976,1.78
2026-05-18,New Arrival,Facebook,Tote Bag,Carousel,10211,249,19,370.63,665,0.0244,1.79
2026-05-24,Buy 2 Get 1,Facebook,Tote Bag,Carousel,25222,552,27,287.53,567,0.0219,1.97
2026-04-02,Weekend Deal,TikTok,Oversized Hoodie,Video,34563,1894,131,136.26,7205,0.0548,52.88
2026-04-12,Weekend Deal,TikTok,Denim Jacket,Reel,35850,2778,136,477.29,2720,0.0775,5.7
2026-05-10,Weekend Deal,TikTok,Oversized Hoodie,Video,28078,1448,99,470.5,3960,0.0516,8.42
2026-04-24,New Arrival,TikTok,Denim Jacket,Reel,12028,811,18,54.86,450,0.0675,8.2
2026-04-09,New Arrival,TikTok,Tote Bag,Video,46295,5282,292,266.87,6424,0.1141,24.07
2026-04-03,Buy 2 Get 1,Instagram,Cargo Pants,Reel,19375,575,35,261.44,2030,0.0297,7.76
2026-04-28,Buy 2 Get 1,TikTok,Cargo Pants,Image,5180,372,11,71.57,462,0.0719,6.46
2026-04-12,Summer Sale,Instagram,Cargo Pants,Reel,49593,4017,167,341.88,8183,0.081,23.94
2026-04-23,Summer Sale,Instagram,Denim Jacket,Reel,10678,392,26,268.75,1274,0.0368,4.74
2026-04-25,Buy 2 Get 1,Facebook,Denim Jacket,Reel,34372,2949,132,284.16,6864,0.0858,24.16
2026-04-16,Flash Sale,Facebook,Cargo Pants,Carousel,7950,795,31,73.87,837,0.1,11.33
2026-04-02,Summer Sale,TikTok,Cargo Pants,Video,19694,2010,127,160.12,6985,0.1021,43.62
2026-04-03,Summer Sale,Facebook,Oversized Hoodie,Video,26518,792,30,339.67,1230,0.0299,3.62
2026-05-06,New Arrival,Facebook,Oversized Hoodie,Reel,34603,2955,104,304.58,2288,0.0854,7.51
2026-05-12,Buy 2 Get 1,Facebook,Denim Jacket,Reel,28075,957,50,471.55,1950,0.0341,4.14
2026-05-13,Weekend Deal,Instagram,Tote Bag,Image,35649,2869,217,21.8,12152,0.0805,557.43
2026-04-12,Flash Sale,Instagram,Oversized Hoodie,Carousel,28283,1821,50,324.06,1700,0.0644,5.25
2026-04-20,Buy 2 Get 1,TikTok,Sneakers,Reel,38958,2267,121,434.43,5929,0.0582,13.65
2026-04-15,Flash Sale,Facebook,Oversized Hoodie,Video,12289,1403,85,149.08,4930,0.1142,33.07
2026-04-09,Flash Sale,Instagram,Cargo Pants,Reel,17532,1695,73,66.02,3723,0.0967,56.39
2026-05-08,Buy 2 Get 1,Facebook,Denim Jacket,Carousel,45556,4154,318,275.1,8586,0.0912,31.21
2026-05-18,Flash Sale,TikTok,Cargo Pants,Reel,43235,4600,267,126.29,13617,0.1064,107.82
2026-04-27,Flash Sale,TikTok,Oversized Hoodie,Carousel,11448,1327,33,433.85,858,0.116,1.98
2026-05-15,Flash Sale,Instagram,Cargo Pants,Carousel,36366,1276,76,367.28,3192,0.0351,8.69
2026-05-10,Buy 2 Get 1,Facebook,Denim Jacket,Video,10220,532,25,28.87,975,0.0521,33.77
2026-05-25,Weekend Deal,Facebook,Oversized Hoodie,Reel,9788,837,19,373.01,798,0.0856,2.14
2026-04-22,Weekend Deal,Instagram,Denim Jacket,Reel,16424,1259,33,317.59,1485,0.0767,4.68
2026-04-20,Weekend Deal,Instagram,Cargo Pants,Carousel,49611,5720,429,497.08,11583,0.1153,23.3
2026-04-04,Flash Sale,TikTok,Denim Jacket,Carousel,38525,2719,168,23.43,6384,0.0706,272.47
2026-05-24,Buy 2 Get 1,Instagram,Sneakers,Reel,37752,2438,172,471.34,4644,0.0646,9.85
2026-05-26,Weekend Deal,Facebook,Oversized Hoodie,Reel,38569,2051,103,168.48,3399,0.0532,20.17
2026-05-17,Weekend Deal,Instagram,Tote Bag,Video,46535,4439,311,36.53,13062,0.0954,357.57
2026-05-22,New Arrival,TikTok,Cargo Pants,Reel,26094,1333,38,313.44,1406,0.0511,4.49
2026-05-01,Buy 2 Get 1,Facebook,Sneakers,Video,17990,2135,96,85.02,4320,0.1187,50.81
2026-04-09,Summer Sale,Facebook,Oversized Hoodie,Video,31271,2163,59,366.87,2596,0.0692,7.08
2026-04-14,New Arrival,Facebook,Oversized Hoodie,Image,30168,1840,122,38.9,7076,0.061,181.9
2026-04-25,Weekend Deal,Facebook,Cargo Pants,Image,23466,1030,66,482.01,3696,0.0439,7.67
2026-05-03,Summer Sale,TikTok,Sneakers,Video,32297,3258,173,166.83,7612,0.1009,45.63
2026-05-07,Summer Sale,Instagram,Tote Bag,Carousel,27933,3282,228,115.95,12540,0.1175,108.15
2026-05-19,Weekend Deal,Facebook,Oversized Hoodie,Reel,38414,2715,119,243.25,4998,0.0707,20.55
2026-05-11,Summer Sale,TikTok,Sneakers,Reel,41384,4862,126,373.02,6678,0.1175,17.9
2026-04-11,Flash Sale,Facebook,Oversized Hoodie,Carousel,14984,416,22,476.2,858,0.0278,1.8
2026-05-19,Weekend Deal,TikTok,Denim Jacket,Video,31439,3760,153,381.78,6426,0.1196,16.83
2026-04-15,Buy 2 Get 1,Facebook,Sneakers,Image,21754,1033,73,101.25,2774,0.0475,27.4
2026-05-29,Buy 2 Get 1,Instagram,Cargo Pants,Video,14214,861,55,314.9,2530,0.0606,8.03
2026-05-18,Weekend Deal,Facebook,Denim Jacket,Video,11714,343,21,108.36,777,0.0293,7.17
2026-05-11,Flash Sale,TikTok,Sneakers,Video,41512,958,43,402.16,1591,0.0231,3.96
2026-05-12,Summer Sale,Facebook,Tote Bag,Video,45979,3724,246,395.59,8610,0.081,21.76
2026-05-06,New Arrival,Facebook,Tote Bag,Reel,47457,5557,195,200.17,9945,0.1171,49.68
2026-05-01,Weekend Deal,Facebook,Tote Bag,Carousel,49500,3960,190,423.84,4560,0.08,10.76
2026-05-17,Summer Sale,TikTok,Sneakers,Reel,21616,2047,111,32.73,2664,0.0947,81.39
2026-04-12,Flash Sale,Instagram,Denim Jacket,Image,24337,2229,74,212.19,2812,0.0916,13.25
2026-04-16,Flash Sale,Facebook,Tote Bag,Video,36189,2261,104,53.99,4160,0.0625,77.05
2026-05-12,Summer Sale,Facebook,Denim Jacket,Reel,33527,2343,138,453.4,2898,0.0699,6.39
2026-04-08,Weekend Deal,Facebook,Denim Jacket,Reel,24171,1220,79,111.39,3318,0.0505,29.79
2026-05-01,Summer Sale,TikTok,Tote Bag,Carousel,47140,4204,291,340.4,7566,0.0892,22.23
2026-04-19,Buy 2 Get 1,Instagram,Denim Jacket,Carousel,16914,1292,73,75.26,2628,0.0764,34.92
2026-05-21,New Arrival,TikTok,Oversized Hoodie,Carousel,47272,1342,42,446.48,1806,0.0284,4.04
2026-04-28,Weekend Deal,TikTok,Cargo Pants,Image,33071,3574,144,117.76,7632,0.1081,64.81
2026-05-30,New Arrival,Instagram,Tote Bag,Carousel,45651,4985,260,374.81,12480,0.1092,33.3
2026-04-10,New Arrival,TikTok,Tote Bag,Carousel,27886,1965,144,78.37,5760,0.0705,73.5
2026-04-29,New Arrival,Instagram,Tote Bag,Reel,30912,1455,79,217.03,3476,0.0471,16.02
2026-04-23,Summer Sale,Instagram,Oversized Hoodie,Reel,5019,240,9,81.24,252,0.0479,3.1
2026-04-10,Flash Sale,Facebook,Oversized Hoodie,Reel,47899,3937,264,419.73,5808,0.0822,13.84
2026-05-19,New Arrival,TikTok,Denim Jacket,Video,34066,3082,187,262.29,7667,0.0905,29.23
2026-04-11,Weekend Deal,Facebook,Oversized Hoodie,Reel,38971,3943,305,69.31,12505,0.1012,180.42
2026-05-29,Weekend Deal,Facebook,Cargo Pants,Image,40858,4412,324,176.62,11340,0.108,64.21
2026-04-09,New Arrival,TikTok,Tote Bag,Image,9277,390,11,446.78,572,0.0421,1.28
2026-04-02,Flash Sale,TikTok,Tote Bag,Video,26765,1442,33,433.52,924,0.0539,2.13
2026-05-16,Summer Sale,TikTok,Oversized Hoodie,Carousel,26352,1939,137,402.58,5343,0.0736,13.27
2026-04-17,Weekend Deal,Instagram,Tote Bag,Image,14906,831,30,184.95,1800,0.0558,9.73
2026-04-05,Summer Sale,Instagram,Sneakers,Carousel,43142,2368,53,384.49,2915,0.0549,7.58
2026-05-29,Buy 2 Get 1,TikTok,Cargo Pants,Carousel,40306,3583,87,190.61,2175,0.0889,11.41
2026-05-14,Weekend Deal,Facebook,Denim Jacket,Video,8239,537,33,132.67,1353,0.0652,10.2
2026-05-20,Summer Sale,TikTok,Tote Bag,Video,18938,1655,86,362.57,2322,0.0874,6.4
2026-05-22,New Arrival,TikTok,Cargo Pants,Reel,14156,1261,100,255.08,4800,0.0891,18.82
2026-04-08,Flash Sale,Instagram,Oversized Hoodie,Reel,17403,2062,83,414.54,1743,0.1185,4.2
2026-05-03,Buy 2 Get 1,TikTok,Sneakers,Image,19514,1186,72,408.51,3528,0.0608,8.64
2026-04-15,New Arrival,TikTok,Denim Jacket,Video,15830,1222,34,261.69,782,0.0772,2.99
2026-04-17,Weekend Deal,TikTok,Tote Bag,Carousel,26338,1551,107,462.48,3317,0.0589,7.17
2026-05-28,Flash Sale,Facebook,Oversized Hoodie,Carousel,32140,2944,136,280.0,2992,0.0916,10.69
2026-05-26,Weekend Deal,Facebook,Oversized Hoodie,Video,37809,835,47,310.43,2632,0.0221,8.48
2026-05-21,New Arrival,Instagram,Sneakers,Carousel,22400,1460,113,360.77,3164,0.0652,8.77
2026-05-03,Summer Sale,TikTok,Oversized Hoodie,Reel,21641,1194,37,58.6,1443,0.0552,24.62
2026-05-03,Flash Sale,Facebook,Tote Bag,Image,35381,2359,86,250.98,4902,0.0667,19.53
2026-04-15,Buy 2 Get 1,TikTok,Oversized Hoodie,Video,38281,3502,92,146.46,5060,0.0915,34.55
2026-05-20,Summer Sale,TikTok,Oversized Hoodie,Reel,47869,1742,108,460.58,4212,0.0364,9.14
2026-05-30,Weekend Deal,TikTok,Denim Jacket,Image,6002,362,24,435.18,816,0.0604,1.88
2026-04-09,New Arrival,Facebook,Denim Jacket,Reel,46305,2861,135,484.63,5535,0.0618,11.42
2026-05-05,Summer Sale,Instagram,Denim Jacket,Reel,46330,2302,124,394.18,6572,0.0497,16.67
2026-05-26,Summer Sale,Facebook,Sneakers,Video,39925,2607,149,398.93,8940,0.0653,22.41
2026-04-15,Summer Sale,Facebook,Denim Jacket,Image,40904,3014,78,448.67,2652,0.0737,5.91
2026-05-11,New Arrival,TikTok,Sneakers,Reel,39825,911,27,257.34,1512,0.0229,5.88
2026-05-28,Weekend Deal,Facebook,Cargo Pants,Carousel,38636,2399,55,400.04,3135,0.0621,7.84
2026-05-08,Buy 2 Get 1,Facebook,Tote Bag,Image,14006,1326,67,232.68,3283,0.0947,14.11
2026-05-23,New Arrival,Facebook,Sneakers,Reel,44306,3588,244,34.14,11224,0.081,328.76
2026-04-15,Weekend Deal,TikTok,Sneakers,Reel,9789,788,59,453.43,1475,0.0805,3.25
2026-05-20,New Arrival,Instagram,Denim Jacket,Video,21400,1853,120,234.78,6360,0.0866,27.09
2026-04-20,Weekend Deal,Facebook,Oversized Hoodie,Reel,15237,1583,118,214.12,5782,0.1039,27.0
2026-04-07,Weekend Deal,TikTok,Tote Bag,Image,46453,2852,184,137.61,9384,0.0614,68.19
2026-05-16,Weekend Deal,Instagram,Denim Jacket,Carousel,30003,3417,269,82.22,10222,0.1139,124.32
2026-04-13,Flash Sale,Facebook,Tote Bag,Reel,41228,1785,63,238.64,2268,0.0433,9.5
2026-05-10,Summer Sale,Facebook,Denim Jacket,Carousel,13216,581,24,269.56,1104,0.044,4.1
2026-04-06,Buy 2 Get 1,TikTok,Cargo Pants,Image,36902,1730,77,149.64,2387,0.0469,15.95
2026-04-07,New Arrival,Facebook,Tote Bag,Image,38765,3787,94,384.48,2162,0.0977,5.62
2026-05-28,New Arrival,Facebook,Sneakers,Carousel,23801,1325,49,222.53,2156,0.0557,9.69
2026-04-23,Summer Sale,Facebook,Sneakers,Video,14825,807,37,206.98,1295,0.0545,6.26
2026-05-07,Summer Sale,Instagram,Cargo Pants,Reel,23261,2630,148,248.45,8732,0.1131,35.15
2026-04-03,Summer Sale,TikTok,Oversized Hoodie,Video,48050,2541,57,32.03,1824,0.0529,56.95
2026-04-11,Buy 2 Get 1,Facebook,Oversized Hoodie,Reel,26837,1905,70,262.34,1610,0.071,6.14
2026-04-17,Buy 2 Get 1,Facebook,Denim Jacket,Video,35694,3262,72,125.27,2952,0.0914,23.57
2026-04-29,Flash Sale,TikTok,Denim Jacket,Image,20696,1626,94,79.26,3760,0.0786,47.44
2026-05-21,Flash Sale,Facebook,Tote Bag,Image,34894,3098,246,204.75,8118,0.0888,39.65
2026-04-08,New Arrival,Facebook,Denim Jacket,Video,20426,2118,70,360.74,2520,0.1037,6.99
2026-04-05,New Arrival,Instagram,Oversized Hoodie,Reel,27880,1332,68,430.99,3128,0.0478,7.26
2026-04-06,Flash Sale,Facebook,Tote Bag,Carousel,17559,1251,64,79.22,1792,0.0713,22.62
2026-05-26,Buy 2 Get 1,TikTok,Cargo Pants,Reel,42963,3432,119,289.93,2499,0.0799,8.62
2026-05-09,Weekend Deal,TikTok,Denim Jacket,Video,14973,1365,47,493.94,1128,0.0912,2.28
2026-04-20,New Arrival,Facebook,Oversized Hoodie,Reel,42485,1312,38,240.4,1634,0.0309,6.8
2026-05-13,Summer Sale,Facebook,Oversized Hoodie,Reel,41255,1538,53,224.72,1961,0.0373,8.73
2026-05-03,Flash Sale,TikTok,Oversized Hoodie,Image,39820,3814,101,114.34,3737,0.0958,32.68
2026-04-20,Weekend Deal,Facebook,Oversized Hoodie,Image,35147,1012,28,202.3,1456,0.0288,7.2
2026-04-02,Summer Sale,Facebook,Tote Bag,Image,24113,665,41,39.96,820,0.0276,20.52
2026-04-08,Buy 2 Get 1,TikTok,Sneakers,Video,13003,1312,51,73.71,2550,0.1009,34.6
2026-05-12,Flash Sale,TikTok,Oversized Hoodie,Video,39651,4199,165,438.32,4785,0.1059,10.92
2026-05-07,New Arrival,Facebook,Denim Jacket,Carousel,17885,1228,25,240.38,1125,0.0687,4.68
2026-05-09,Summer Sale,Facebook,Oversized Hoodie,Carousel,12383,383,16,421.32,560,0.031,1.33
2026-05-07,Summer Sale,Instagram,Tote Bag,Reel,44814,2424,59,473.98,2891,0.0541,6.1
2026-05-15,New Arrival,TikTok,Oversized Hoodie,Video,46987,3035,189,341.5,10017,0.0646,29.33
2026-04-12,New Arrival,Instagram,Denim Jacket,Carousel,29881,1395,42,269.7,1722,0.0467,6.38
2026-05-25,Summer Sale,Facebook,Tote Bag,Carousel,22488,2122,62,25.44,2356,0.0944,92.61
2026-04-24,Weekend Deal,TikTok,Cargo Pants,Image,16420,1392,99,102.83,5445,0.0848,52.95
2026-05-22,Buy 2 Get 1,Facebook,Sneakers,Image,29593,1817,55,168.24,2695,0.0614,16.02
2026-04-03,Weekend Deal,Facebook,Sneakers,Reel,15899,508,36,142.07,1368,0.032,9.63
2026-04-29,Flash Sale,Facebook,Sneakers,Video,13963,1259,29,293.01,1334,0.0902,4.55
2026-05-08,Flash Sale,Instagram,Oversized Hoodie,Image,36471,1958,152,238.65,6992,0.0537,29.3
2026-05-25,Buy 2 Get 1,Instagram,Tote Bag,Reel,5972,572,11,214.74,627,0.0958,2.92
2026-05-21,Summer Sale,Facebook,Sneakers,Image,13966,772,54,484.3,2970,0.0553,6.13
2026-05-26,Flash Sale,Instagram,Sneakers,Image,42484,4006,213,337.03,4260,0.0943,12.64
2026-04-30,Flash Sale,TikTok,Denim Jacket,Reel,5480,396,14,233.54,364,0.0723,1.56
2026-05-28,Weekend Deal,TikTok,Sneakers,Video,40640,4234,287,240.05,11193,0.1042,46.63
2026-04-19,Weekend Deal,TikTok,Oversized Hoodie,Carousel,13578,1036,80,242.3,2160,0.0763,8.91
2026-05-02,Flash Sale,Instagram,Sneakers,Reel,8681,218,10,310.59,480,0.0252,1.55
2026-05-04,Summer Sale,Facebook,Cargo Pants,Video,39423,2290,95,123.91,3610,0.0581,29.13
2026-05-11,Buy 2 Get 1,Facebook,Denim Jacket,Video,44730,3502,79,117.98,1580,0.0783,13.39
2026-04-23,Flash Sale,Facebook,Tote Bag,Video,31928,1037,72,444.33,4248,0.0325,9.56
2026-04-29,Flash Sale,TikTok,Tote Bag,Video,35707,717,23,345.6,897,0.0201,2.6
2026-05-15,New Arrival,Instagram,Tote Bag,Carousel,11731,361,17,389.97,901,0.0308,2.31
2026-05-10,Buy 2 Get 1,Instagram,Sneakers,Video,41127,1147,83,287.87,1826,0.0279,6.34
2026-05-29,Weekend Deal,TikTok,Tote Bag,Reel,21100,1831,59,54.04,3245,0.0868,60.05
2026-04-14,Buy 2 Get 1,TikTok,Denim Jacket,Image,40499,1352,55,72.13,2475,0.0334,34.31
2026-05-05,Buy 2 Get 1,Facebook,Cargo Pants,Carousel,19600,760,44,153.37,968,0.0388,6.31
2026-05-09,New Arrival,Instagram,Oversized Hoodie,Carousel,33284,2656,210,121.42,9030,0.0798,74.37
2026-05-06,Buy 2 Get 1,Instagram,Denim Jacket,Image,44053,3246,144,144.4,3744,0.0737,25.93
2026-05-04,New Arrival,Instagram,Tote Bag,Image,5444,179,12,135.89,672,0.033,4.95
2026-05-24,Flash Sale,Facebook,Sneakers,Image,11533,1380,56,331.98,2352,0.1197,7.08
2026-05-20,Summer Sale,TikTok,Tote Bag,Video,37746,1543,56,458.46,2184,0.0409,4.76
2026-05-12,Weekend Deal,TikTok,Oversized Hoodie,Video,49682,3358,200,414.57,8000,0.0676,19.3
2026-05-01,Weekend Deal,TikTok,Oversized Hoodie,Reel,8636,699,25,57.94,1025,0.081,17.69
2026-05-22,Flash Sale,Instagram,Denim Jacket,Carousel,42422,3711,98,241.24,3430,0.0875,14.22
2026-04-14,Flash Sale,Facebook,Oversized Hoodie,Reel,31961,3470,87,157.25,4437,0.1086,28.22
2026-05-19,Flash Sale,Instagram,Denim Jacket,Reel,43513,2019,142,478.93,8094,0.0464,16.9
2026-05-02,New Arrival,Facebook,Tote Bag,Video,20317,1231,51,232.27,2499,0.0606,10.76
2026-04-18,Weekend Deal,Facebook,Sneakers,Reel,38720,3995,157,118.57,4867,0.1032,41.05
2026-04-10,Weekend Deal,TikTok,Tote Bag,Image,19780,603,27,393.01,999,0.0305,2.54
2026-05-24,Buy 2 Get 1,TikTok,Sneakers,Video,23004,2022,50,366.72,2200,0.0879,6.0
2026-04-28,Flash Sale,Instagram,Denim Jacket,Video,41875,2847,61,169.16,1830,0.068,10.82
2026-05-26,Summer Sale,Instagram,Cargo Pants,Video,14714,310,24,132.6,864,0.0211,6.52
2026-05-06,Buy 2 Get 1,TikTok,Tote Bag,Video,44704,3983,130,351.04,6630,0.0891,18.89
2026-04-02,Flash Sale,TikTok,Denim Jacket,Image,29160,1463,45,376.29,1665,0.0502,4.42
2026-04-24,Buy 2 Get 1,TikTok,Cargo Pants,Video,33087,2716,153,351.68,7344,0.0821,20.88
2026-04-01,Buy 2 Get 1,Instagram,Denim Jacket,Reel,16902,1994,90,87.85,1980,0.118,22.54
2026-05-14,New Arrival,Facebook,Tote Bag,Carousel,37959,4547,267,285.13,8811,0.1198,30.9
2026-05-01,New Arrival,Instagram,Sneakers,Carousel,12345,892,57,123.26,2679,0.0723,21.73
2026-04-17,Buy 2 Get 1,TikTok,Sneakers,Image,48480,2516,182,162.64,6734,0.0519,41.4
2026-05-09,New Arrival,Instagram,Tote Bag,Reel,22154,897,26,173.3,1274,0.0405,7.35
2026-04-19,Buy 2 Get 1,Facebook,Oversized Hoodie,Carousel,6640,717,57,252.31,1995,0.1081,7.91
2026-05-07,Weekend Deal,TikTok,Oversized Hoodie,Image,45720,2560,116,186.17,3480,0.056,18.69
2026-05-26,Buy 2 Get 1,TikTok,Sneakers,Image,21102,1548,111,399.94,2553,0.0734,6.38
2026-04-29,Flash Sale,Facebook,Sneakers,Video,37114,2468,112,57.81,2800,0.0665,48.43
2026-05-22,Summer Sale,Instagram,Denim Jacket,Carousel,30321,2850,203,414.78,4060,0.094,9.79
2026-05-14,New Arrival,TikTok,Sneakers,Video,35338,4155,271,133.94,14905,0.1176,111.28
2026-04-13,Buy 2 Get 1,Facebook,Cargo Pants,Reel,46968,4654,372,174.35,19716,0.0991,113.08
2026-04-07,Flash Sale,TikTok,Tote Bag,Image,43716,2810,111,439.36,4773,0.0643,10.86
2026-04-06,Buy 2 Get 1,TikTok,Sneakers,Video,35028,2679,59,164.13,1770,0.0765,10.78
2026-04-01,Summer Sale,TikTok,Tote Bag,Carousel,25022,2221,113,473.29,3164,0.0888,6.69
2026-05-05,New Arrival,TikTok,Tote Bag,Carousel,18599,926,50,43.66,1750,0.0498,40.08
2026-05-20,Buy 2 Get 1,TikTok,Tote Bag,Video,33238,1505,76,195.56,3268,0.0453,16.71
2026-04-16,Flash Sale,Facebook,Cargo Pants,Reel,47492,5689,285,110.04,7125,0.1198,64.75
2026-05-06,New Arrival,Instagram,Cargo Pants,Video,32517,1830,74,87.68,2220,0.0563,25.32
2026-05-13,New Arrival,Facebook,Denim Jacket,Carousel,42099,4483,237,190.67,6162,0.1065,32.32
2026-05-14,Flash Sale,TikTok,Sneakers,Image,37134,1971,143,180.6,5291,0.0531,29.3
2026-04-20,Flash Sale,TikTok,Cargo Pants,Carousel,17922,994,32,179.58,1344,0.0555,7.48
2026-05-22,New Arrival,Facebook,Cargo Pants,Reel,14710,1297,44,266.89,1364,0.0882,5.11
2026-05-11,Buy 2 Get 1,Facebook,Oversized Hoodie,Video,32243,3749,280,299.64,7280,0.1163,24.3
2026-04-06,Buy 2 Get 1,Facebook,Oversized Hoodie,Image,26374,1155,44,143.32,968,0.0438,6.75
2026-04-02,Summer Sale,Instagram,Denim Jacket,Video,17208,409,14,425.49,770,0.0238,1.81
2026-05-26,Summer Sale,Instagram,Sneakers,Carousel,37585,1822,116,461.51,2552,0.0485,5.53
2026-04-28,Flash Sale,TikTok,Cargo Pants,Reel,22434,1621,77,327.28,2310,0.0723,7.06
2026-04-11,Buy 2 Get 1,Facebook,Oversized Hoodie,Reel,23271,1673,103,363.06,3296,0.0719,9.08
2026-04-23,New Arrival,Instagram,Oversized Hoodie,Image,46201,3742,208,226.89,11648,0.081,51.34
2026-04-11,Summer Sale,TikTok,Oversized Hoodie,Carousel,35057,2320,145,388.26,4785,0.0662,12.32
2026-05-17,Weekend Deal,TikTok,Oversized Hoodie,Image,35159,1423,65,388.28,1300,0.0405,3.35
2026-04-10,Buy 2 Get 1,TikTok,Cargo Pants,Video,29344,1024,61,235.25,3111,0.0349,13.22
2026-04-10,Weekend Deal,Facebook,Tote Bag,Carousel,23266,1072,79,470.36,3871,0.0461,8.23
2026-04-23,New Arrival,Facebook,Denim Jacket,Image,6669,300,7,140.44,259,0.0451,1.84
2026-04-18,Flash Sale,Facebook,Denim Jacket,Image,14883,951,29,229.17,1044,0.0639,4.56
2026-05-15,Flash Sale,Facebook,Sneakers,Video,21292,2063,141,436.42,6909,0.0969,15.83
2026-05-18,Weekend Deal,TikTok,Denim Jacket,Carousel,11372,717,23,55.21,1288,0.0631,23.33
2026-05-16,Weekend Deal,Instagram,Tote Bag,Carousel,18361,2120,162,352.78,8586,0.1155,24.34
2026-05-25,New Arrival,Instagram,Cargo Pants,Carousel,18431,1057,44,143.8,1012,0.0574,7.04
2026-05-16,Summer Sale,TikTok,Tote Bag,Video,42484,1355,78,170.99,1560,0.0319,9.12
2026-05-28,Buy 2 Get 1,Instagram,Sneakers,Carousel,16249,1082,42,405.43,1008,0.0666,2.49
2026-04-04,New Arrival,Facebook,Tote Bag,Carousel,46611,2228,65,96.12,1495,0.0478,15.55
2026-05-17,Weekend Deal,Instagram,Cargo Pants,Video,19573,735,19,313.29,1121,0.0376,3.58
2026-05-28,Weekend Deal,Instagram,Oversized Hoodie,Video,19507,1111,75,409.08,3600,0.057,8.8
2026-05-23,Summer Sale,Facebook,Oversized Hoodie,Carousel,5736,240,13,169.55,715,0.042,4.22
2026-05-10,Flash Sale,Instagram,Denim Jacket,Image,7889,781,49,366.2,2205,0.099,6.02
2026-04-16,Weekend Deal,TikTok,Sneakers,Carousel,40599,3544,79,316.19,3555,0.0873,11.24
2026-05-02,Summer Sale,TikTok,Tote Bag,Video,49490,1207,53,326.29,1219,0.0244,3.74
2026-04-16,New Arrival,Instagram,Denim Jacket,Image,28726,2473,82,390.98,4100,0.0861,10.49
2026-05-25,Flash Sale,TikTok,Denim Jacket,Video,47708,3535,133,209.51,5852,0.0741,27.93
2026-04-18,Summer Sale,TikTok,Denim Jacket,Carousel,38134,785,28,202.57,1680,0.0206,8.29
2026-04-28,Buy 2 Get 1,TikTok,Oversized Hoodie,Carousel,39773,3090,113,187.93,2712,0.0777,14.43
2026-04-13,Flash Sale,Instagram,Oversized Hoodie,Reel,25464,1555,42,304.69,2100,0.0611,6.89
2026-04-26,Weekend Deal,Facebook,Cargo Pants,Reel,49749,4641,287,93.37,9758,0.0933,104.51
2026-05-17,Buy 2 Get 1,TikTok,Tote Bag,Image,11236,964,21,496.03,777,0.0858,1.57
2026-04-06,New Arrival,Facebook,Oversized Hoodie,Reel,16081,1561,41,20.0,2255,0.0971,112.75
2026-05-01,New Arrival,Facebook,Oversized Hoodie,Carousel,34849,1177,51,199.02,2601,0.0338,13.07
2026-05-23,Weekend Deal,Instagram,Oversized Hoodie,Image,26229,2218,70,424.23,4060,0.0846,9.57
2026-05-04,New Arrival,Instagram,Cargo Pants,Image,18294,997,31,65.37,1488,0.0545,22.76
2026-05-29,Summer Sale,Facebook,Tote Bag,Carousel,38155,2968,121,206.48,3872,0.0778,18.75
2026-05-22,New Arrival,Facebook,Denim Jacket,Reel,30342,1016,36,30.92,1116,0.0335,36.09
2026-04-30,Flash Sale,Facebook,Sneakers,Carousel,20544,1076,79,71.66,3476,0.0524,48.51
2026-05-04,Summer Sale,Facebook,Tote Bag,Video,25580,2839,131,312.79,7598,0.111,24.29
2026-05-15,New Arrival,TikTok,Denim Jacket,Video,35490,784,24,162.15,1200,0.0221,7.4
2026-04-20,Summer Sale,Facebook,Denim Jacket,Image,37261,2515,183,485.39,6222,0.0675,12.82
2026-04-15,Buy 2 Get 1,Facebook,Sneakers,Carousel,18664,2194,118,226.32,4366,0.1176,19.29
2026-05-29,New Arrival,TikTok,Sneakers,Reel,42301,2009,109,453.6,3924,0.0475,8.65
2026-05-07,New Arrival,Instagram,Oversized Hoodie,Carousel,31624,3203,163,136.7,9780,0.1013,71.54
2026-05-15,New Arrival,Facebook,Tote Bag,Image,38130,3778,199,207.06,4975,0.0991,24.03
2026-04-02,New Arrival,Facebook,Oversized Hoodie,Video,34451,2370,83,398.53,3320,0.0688,8.33
2026-05-06,Flash Sale,TikTok,Oversized Hoodie,Video,25150,508,16,202.79,832,0.0202,4.1
2026-05-23,Buy 2 Get 1,Instagram,Cargo Pants,Image,15516,479,32,468.41,1312,0.0309,2.8
2026-05-22,Flash Sale,TikTok,Sneakers,Carousel,10880,1035,42,482.34,1806,0.0952,3.74
2026-05-01,New Arrival,Facebook,Sneakers,Reel,11213,717,37,84.6,1665,0.064,19.68
2026-04-15,Flash Sale,Instagram,Tote Bag,Image,45200,1197,36,117.66,1404,0.0265,11.93
2026-04-19,Flash Sale,TikTok,Sneakers,Reel,14575,1326,37,228.05,1665,0.091,7.3
2026-04-21,Weekend Deal,Instagram,Oversized Hoodie,Video,43181,4970,237,74.69,9006,0.1151,120.58
2026-04-21,Summer Sale,Facebook,Tote Bag,Carousel,35872,1843,108,492.74,6264,0.0514,12.71
2026-04-09,Buy 2 Get 1,TikTok,Cargo Pants,Reel,20172,2289,64,226.97,1856,0.1135,8.18
2026-05-28,Summer Sale,Facebook,Cargo Pants,Carousel,44739,4447,313,164.46,8138,0.0994,49.48
2026-04-05,New Arrival,Instagram,Cargo Pants,Image,22693,767,52,21.6,1092,0.0338,50.56
2026-04-27,Flash Sale,Facebook,Cargo Pants,Carousel,22531,2527,131,219.79,4061,0.1122,18.48
2026-05-11,Summer Sale,Facebook,Cargo Pants,Reel,18916,1100,27,453.72,810,0.0582,1.79
2026-05-25,Summer Sale,Facebook,Oversized Hoodie,Image,40060,1201,34,342.48,1530,0.03,4.47
2026-04-12,Buy 2 Get 1,Instagram,Tote Bag,Video,41786,4491,148,215.65,6512,0.1075,30.2
2026-05-11,Flash Sale,Facebook,Tote Bag,Carousel,44721,4083,174,471.71,9048,0.0913,19.18
2026-04-08,Weekend Deal,TikTok,Sneakers,Reel,24698,2445,156,240.97,3432,0.099,14.24
2026-05-11,New Arrival,Facebook,Oversized Hoodie,Reel,7139,273,21,234.92,987,0.0383,4.2
2026-05-23,Flash Sale,Instagram,Cargo Pants,Image,15299,1145,29,59.58,609,0.0749,10.22
2026-04-14,Summer Sale,TikTok,Oversized Hoodie,Reel,9649,693,49,251.5,1078,0.0719,4.29
2026-04-14,New Arrival,Instagram,Tote Bag,Image,43421,1966,134,219.87,4422,0.0453,20.11
2026-04-23,Summer Sale,Facebook,Denim Jacket,Video,11686,889,35,231.24,1190,0.0761,5.15
2026-04-07,Buy 2 Get 1,Instagram,Denim Jacket,Carousel,26179,856,35,139.54,1610,0.0327,11.54
2026-04-14,New Arrival,TikTok,Denim Jacket,Image,27107,1279,75,384.88,3300,0.0472,8.57
2026-04-19,Summer Sale,Instagram,Oversized Hoodie,Image,39538,1356,58,486.02,1682,0.0343,3.46
2026-05-23,New Arrival,Instagram,Cargo Pants,Carousel,37666,881,68,191.24,3128,0.0234,16.36
2026-04-13,Flash Sale,TikTok,Denim Jacket,Image,12539,641,39,38.04,1950,0.0512,51.26
2026-05-14,Flash Sale,Instagram,Cargo Pants,Image,23279,2260,155,74.14,4805,0.0971,64.81
2026-05-02,Weekend Deal,TikTok,Cargo Pants,Carousel,23606,1798,92,188.15,3588,0.0762,19.07
2026-04-14,New Arrival,TikTok,Oversized Hoodie,Carousel,22021,2587,179,251.73,3580,0.1175,14.22
2026-04-24,New Arrival,Instagram,Sneakers,Image,10529,768,59,253.51,1416,0.073,5.59
2026-04-11,Flash Sale,Instagram,Oversized Hoodie,Video,33685,2445,111,265.56,5106,0.0726,19.23
2026-04-16,Weekend Deal,Facebook,Sneakers,Video,11105,1301,26,21.89,1326,0.1172,60.58
2026-05-20,Buy 2 Get 1,Facebook,Denim Jacket,Carousel,8175,483,17,27.81,748,0.0592,26.9
2026-05-26,Buy 2 Get 1,Facebook,Tote Bag,Video,19045,2148,97,94.96,5529,0.1128,58.22
2026-05-23,Weekend Deal,TikTok,Sneakers,Image,46077,4944,389,211.39,20228,0.1073,95.69
2026-05-07,New Arrival,Instagram,Cargo Pants,Image,16853,930,39,167.92,2223,0.0552,13.24
2026-04-23,Buy 2 Get 1,TikTok,Tote Bag,Reel,36511,2409,149,236.27,8344,0.066,35.32
2026-04-10,Summer Sale,TikTok,Cargo Pants,Image,25584,923,52,189.28,2184,0.0361,11.54
2026-05-01,Flash Sale,TikTok,Cargo Pants,Carousel,8480,446,33,338.84,1320,0.0526,3.9
2026-04-09,Flash Sale,TikTok,Sneakers,Reel,25136,1520,35,172.58,805,0.0605,4.66
2026-04-15,Flash Sale,Facebook,Sneakers,Image,18975,975,51,230.54,2448,0.0514,10.62
2026-04-01,Buy 2 Get 1,TikTok,Cargo Pants,Video,10929,1134,79,482.38,1896,0.1038,3.93
2026-05-26,New Arrival,TikTok,Denim Jacket,Image,7415,404,24,399.82,1440,0.0546,3.6
2026-04-05,Flash Sale,Facebook,Cargo Pants,Image,44359,2843,95,410.97,2660,0.0641,6.47
2026-04-04,Flash Sale,Instagram,Denim Jacket,Video,49224,3440,198,251.61,9702,0.0699,38.56
2026-04-06,Summer Sale,Instagram,Sneakers,Carousel,34065,2064,50,226.17,1350,0.0606,5.97
2026-04-30,Buy 2 Get 1,Instagram,Denim Jacket,Reel,22764,1343,39,228.84,1599,0.059,6.99
2026-05-11,Flash Sale,Facebook,Tote Bag,Reel,10073,337,9,53.72,288,0.0335,5.36
2026-05-15,Flash Sale,Instagram,Tote Bag,Reel,16267,1612,52,476.16,1352,0.0991,2.84
2026-04-12,Flash Sale,TikTok,Tote Bag,Reel,18883,1841,39,283.16,1131,0.0975,3.99
2026-04-08,Weekend Deal,Facebook,Denim Jacket,Carousel,12391,1427,54,35.66,3024,0.1152,84.8
2026-05-09,Flash Sale,Facebook,Cargo Pants,Carousel,21337,1184,44,263.54,1144,0.0555,4.34
2026-05-15,Weekend Deal,Facebook,Tote Bag,Video,15962,1211,69,342.4,2829,0.0759,8.26
2026-05-20,Weekend Deal,TikTok,Tote Bag,Carousel,47430,1588,77,37.34,1848,0.0335,49.49
2026-04-23,Buy 2 Get 1,TikTok,Oversized Hoodie,Image,43270,1912,138,173.74,6624,0.0442,38.13
2026-05-29,Summer Sale,Facebook,Denim Jacket,Carousel,31707,2225,58,322.37,1450,0.0702,4.5
2026-05-05,Flash Sale,Facebook,Cargo Pants,Video,26633,2644,96,132.39,4416,0.0993,33.36
2026-05-18,Buy 2 Get 1,TikTok,Tote Bag,Reel,33823,3355,239,352.38,7887,0.0992,22.38
2026-05-05,Weekend Deal,TikTok,Oversized Hoodie,Reel,38831,3052,238,159.94,12376,0.0786,77.38
2026-05-10,Flash Sale,TikTok,Oversized Hoodie,Video,22846,2718,68,229.71,1972,0.119,8.58
2026-04-12,Flash Sale,TikTok,Oversized Hoodie,Carousel,21113,1256,36,442.41,1980,0.0595,4.48
2026-05-02,Buy 2 Get 1,Facebook,Tote Bag,Video,22248,1092,84,494.69,2100,0.0491,4.25
2026-04-21,Flash Sale,TikTok,Sneakers,Image,42946,2748,180,318.23,3960,0.064,12.44
2026-04-15,Weekend Deal,Facebook,Sneakers,Video,12126,459,26,59.05,858,0.0379,14.53
2026-05-12,Weekend Deal,TikTok,Tote Bag,Video,9890,697,14,346.35,742,0.0705,2.14
2026-04-28,Weekend Deal,Facebook,Oversized Hoodie,Image,30731,1410,77,189.98,3927,0.0459,20.67
2026-05-21,Flash Sale,Instagram,Oversized Hoodie,Carousel,49284,1843,47,128.2,2538,0.0374,19.8
2026-05-01,Summer Sale,TikTok,Sneakers,Video,32727,3050,221,319.37,5525,0.0932,17.3
2026-04-29,Weekend Deal,TikTok,Sneakers,Image,8472,728,52,323.22,2860,0.086,8.85
2026-05-13,New Arrival,Instagram,Oversized Hoodie,Image,26378,2759,126,248.41,2772,0.1046,11.16
2026-05-24,Summer Sale,TikTok,Denim Jacket,Video,32860,1426,110,203.63,2970,0.0434,14.59
2026-04-23,Weekend Deal,TikTok,Cargo Pants,Carousel,45248,3628,142,126.53,3408,0.0802,26.93
2026-05-07,Weekend Deal,TikTok,Sneakers,Image,43932,4322,108,170.51,5616,0.0984,32.94
2026-05-09,Buy 2 Get 1,Instagram,Cargo Pants,Image,6272,605,44,365.19,1672,0.0966,4.58
2026-05-24,Buy 2 Get 1,Facebook,Tote Bag,Video,37450,2793,136,256.56,4352,0.0746,16.96
2026-04-16,Flash Sale,Instagram,Cargo Pants,Carousel,21535,450,27,301.96,945,0.0209,3.13
2026-05-25,Buy 2 Get 1,TikTok,Oversized Hoodie,Reel,23850,772,56,320.45,2632,0.0324,8.21
2026-04-17,Buy 2 Get 1,TikTok,Sneakers,Reel,44984,2654,168,251.15,7560,0.059,30.1
2026-04-04,New Arrival,Facebook,Oversized Hoodie,Carousel,13768,1535,34,322.08,850,0.1115,2.64
2026-05-01,Flash Sale,Facebook,Denim Jacket,Video,48074,3528,95,85.35,5605,0.0734,65.67
2026-05-21,Buy 2 Get 1,Facebook,Tote Bag,Image,6753,151,6,104.15,288,0.0225,2.77
2026-04-20,Buy 2 Get 1,Instagram,Sneakers,Reel,19280,1087,40,310.52,1960,0.0564,6.31
2026-05-04,Flash Sale,Instagram,Sneakers,Carousel,36405,2282,48,142.0,2592,0.0627,18.25
2026-05-01,Buy 2 Get 1,Facebook,Oversized Hoodie,Image,38801,2040,134,321.22,4824,0.0526,15.02
2026-05-01,New Arrival,TikTok,Denim Jacket,Reel,22362,509,23,249.32,828,0.0228,3.32
2026-04-11,Weekend Deal,Facebook,Oversized Hoodie,Carousel,40063,4643,175,94.15,7175,0.1159,76.21
2026-05-03,Buy 2 Get 1,Instagram,Sneakers,Carousel,39685,2059,142,146.14,4828,0.0519,33.04
2026-05-10,Weekend Deal,Instagram,Denim Jacket,Video,5475,513,25,449.22,750,0.0937,1.67
2026-05-23,Weekend Deal,Facebook,Denim Jacket,Video,44725,1569,52,308.65,2236,0.0351,7.24
2026-05-13,New Arrival,TikTok,Tote Bag,Carousel,33579,3828,189,329.27,10017,0.114,30.42
2026-04-18,New Arrival,Instagram,Sneakers,Reel,18650,419,16,52.32,496,0.0225,9.48
2026-05-01,Summer Sale,Instagram,Oversized Hoodie,Image,38031,1947,116,463.09,5104,0.0512,11.02
2026-04-16,Flash Sale,TikTok,Cargo Pants,Video,29810,1201,75,488.27,3900,0.0403,7.99
2026-04-05,Buy 2 Get 1,TikTok,Oversized Hoodie,Reel,49552,1759,72,121.6,2160,0.0355,17.76
2026-04-10,Weekend Deal,Facebook,Oversized Hoodie,Reel,22936,2201,74,96.57,3478,0.096,36.02
2026-04-21,Flash Sale,Facebook,Sneakers,Carousel,39809,1576,111,423.74,5550,0.0396,13.1
2026-05-23,Summer Sale,Instagram,Denim Jacket,Image,26374,1424,47,432.5,1128,0.054,2.61
2026-04-20,Weekend Deal,TikTok,Denim Jacket,Video,46747,2388,118,102.24,3540,0.0511,34.62
2026-05-10,Buy 2 Get 1,Facebook,Cargo Pants,Reel,40554,3240,94,299.41,2726,0.0799,9.1
2026-05-10,Weekend Deal,TikTok,Oversized Hoodie,Carousel,44347,3782,296,90.99,14800,0.0853,162.66
2026-04-03,Summer Sale,TikTok,Sneakers,Carousel,15890,1668,105,457.6,3885,0.105,8.49
2026-04-17,Flash Sale,Facebook,Denim Jacket,Reel,27134,884,49,150.11,2450,0.0326,16.32
2026-04-06,New Arrival,Facebook,Cargo Pants,Reel,6315,592,41,32.68,1230,0.0939,37.64
2026-05-13,New Arrival,Instagram,Sneakers,Image,6723,363,27,75.05,945,0.054,12.59
2026-04-18,Summer Sale,Facebook,Sneakers,Image,25269,894,48,62.07,1440,0.0354,23.2
2026-05-13,New Arrival,TikTok,Denim Jacket,Reel,48538,2470,135,240.07,6210,0.0509,25.87
2026-04-05,Weekend Deal,Facebook,Tote Bag,Video,35486,1632,44,290.24,2200,0.046,7.58
2026-05-08,Weekend Deal,TikTok,Tote Bag,Video,5821,675,15,43.07,675,0.1161,15.67
2026-04-05,Weekend Deal,Facebook,Cargo Pants,Image,29406,605,17,462.44,1003,0.0206,2.17
2026-04-13,Summer Sale,TikTok,Cargo Pants,Carousel,16785,1416,72,115.43,3384,0.0844,29.32
2026-04-11,New Arrival,Facebook,Tote Bag,Carousel,47859,3488,104,455.35,5200,0.0729,11.42
2026-04-23,Flash Sale,TikTok,Tote Bag,Reel,7944,846,40,92.53,1640,0.1065,17.72
2026-04-29,Summer Sale,Instagram,Oversized Hoodie,Reel,31650,1490,33,174.73,1155,0.0471,6.61
2026-04-24,Weekend Deal,Instagram,Sneakers,Video,18979,421,24,153.97,792,0.0222,5.14
2026-05-02,Buy 2 Get 1,TikTok,Sneakers,Video,20219,901,70,168.7,3850,0.0446,22.82
2026-04-06,Buy 2 Get 1,Instagram,Sneakers,Video,41848,3402,83,420.82,3652,0.0813,8.68
2026-04-17,Flash Sale,Facebook,Sneakers,Image,11144,956,69,305.52,2484,0.0858,8.13
2026-04-30,New Arrival,Facebook,Denim Jacket,Image,33192,2064,92,54.37,4968,0.0622,91.37
2026-05-04,New Arrival,Facebook,Tote Bag,Video,43811,2593,171,238.66,6327,0.0592,26.51
2026-05-12,Summer Sale,TikTok,Tote Bag,Video,49523,5675,396,134.87,11484,0.1146,85.15
2026-05-05,Flash Sale,Facebook,Denim Jacket,Image,36798,2480,176,282.85,9152,0.0674,32.36
2026-04-01,Buy 2 Get 1,TikTok,Denim Jacket,Carousel,37518,2776,204,113.73,7140,0.074,62.78
2026-05-10,Buy 2 Get 1,Facebook,Sneakers,Carousel,23929,540,42,26.6,2142,0.0226,80.53
2026-04-08,New Arrival,TikTok,Cargo Pants,Video,28912,2960,138,312.04,7452,0.1024,23.88
2026-04-22,Weekend Deal,Instagram,Denim Jacket,Carousel,48083,5091,163,338.88,5053,0.1059,14.91
2026-04-01,Buy 2 Get 1,TikTok,Cargo Pants,Reel,18287,1459,61,420.53,3660,0.0798,8.7
2026-04-09,Buy 2 Get 1,TikTok,Tote Bag,Reel,14312,729,36,76.88,1980,0.051,25.75
2026-04-01,Buy 2 Get 1,Instagram,Denim Jacket,Reel,36431,3176,205,82.57,6355,0.0872,76.96
2026-04-22,Weekend Deal,Facebook,Tote Bag,Image,14514,396,14,245.45,672,0.0273,2.74
2026-05-09,New Arrival,TikTok,Tote Bag,Carousel,9037,954,65,51.71,3445,0.1056,66.62
2026-04-23,Weekend Deal,Instagram,Denim Jacket,Video,13449,531,28,352.64,1204,0.0395,3.41
2026-04-28,Buy 2 Get 1,Instagram,Sneakers,Reel,31677,1992,147,115.46,6174,0.0629,53.47
2026-05-06,Buy 2 Get 1,Facebook,Tote Bag,Carousel,16725,1642,119,243.63,2499,0.0982,10.26
2026-04-08,Weekend Deal,TikTok,Sneakers,Reel,43172,1601,41,444.0,2132,0.0371,4.8
2026-05-06,Summer Sale,Instagram,Sneakers,Reel,30793,982,61,453.71,3416,0.0319,7.53
2026-05-11,Buy 2 Get 1,TikTok,Cargo Pants,Video,21743,2209,75,81.47,2925,0.1016,35.9
2026-05-22,Weekend Deal,Instagram,Denim Jacket,Carousel,44040,2968,205,129.44,4510,0.0674,34.84
2026-04-25,New Arrival,Instagram,Tote Bag,Video,36388,913,24,145.9,528,0.0251,3.62
2026-04-13,Summer Sale,Instagram,Denim Jacket,Carousel,48237,5581,318,369.6,18762,0.1157,50.76
2026-04-12,New Arrival,TikTok,Sneakers,Image,43448,1607,87,332.32,4959,0.037,14.92
2026-04-09,Weekend Deal,TikTok,Cargo Pants,Reel,27495,1600,45,336.23,1035,0.0582,3.08
2026-05-11,Flash Sale,Instagram,Tote Bag,Reel,47298,2213,154,405.83,8008,0.0468,19.73
2026-05-16,Summer Sale,TikTok,Sneakers,Reel,27210,952,46,170.3,920,0.035,5.4
2026-04-23,New Arrival,Instagram,Tote Bag,Carousel,29720,3046,67,363.02,2211,0.1025,6.09
2026-04-24,Flash Sale,Facebook,Sneakers,Reel,17653,827,31,238.74,1333,0.0469,5.58
2026-05-23,Buy 2 Get 1,Facebook,Tote Bag,Image,9788,463,14,41.93,840,0.0474,20.03
2026-04-26,New Arrival,Facebook,Tote Bag,Carousel,47494,5419,180,60.49,8640,0.1141,142.83
2026-04-21,Weekend Deal,Facebook,Cargo Pants,Image,13155,755,55,98.33,1485,0.0574,15.1
2026-04-28,New Arrival,Facebook,Sneakers,Image,17046,734,56,315.52,1904,0.0431,6.03
2026-04-14,Weekend Deal,TikTok,Cargo Pants,Video,5866,540,11,492.98,341,0.0921,0.69
2026-05-23,New Arrival,Instagram,Tote Bag,Carousel,10823,278,14,141.97,784,0.0257,5.52
2026-04-17,Weekend Deal,Facebook,Cargo Pants,Reel,5120,259,15,424.72,450,0.0506,1.06
2026-04-05,New Arrival,Instagram,Sneakers,Carousel,14681,782,28,248.37,1064,0.0533,4.28
2026-04-24,Weekend Deal,Instagram,Denim Jacket,Carousel,38166,1774,64,151.19,2752,0.0465,18.2
2026-04-08,Weekend Deal,Facebook,Oversized Hoodie,Carousel,29437,2304,90,287.24,5220,0.0783,18.17
2026-05-21,New Arrival,Facebook,Cargo Pants,Carousel,29081,2576,143,136.72,5577,0.0886,40.79
2026-04-29,Buy 2 Get 1,TikTok,Oversized Hoodie,Reel,25105,1282,66,224.92,1980,0.0511,8.8
2026-04-16,New Arrival,Facebook,Denim Jacket,Reel,38639,3562,156,311.07,5772,0.0922,18.56
2026-04-10,Weekend Deal,TikTok,Tote Bag,Reel,37963,3166,185,366.36,7030,0.0834,19.19
2026-05-19,Summer Sale,Facebook,Cargo Pants,Video,34526,2199,49,94.33,2205,0.0637,23.38
2026-05-27,New Arrival,TikTok,Cargo Pants,Reel,31063,2276,121,190.66,6171,0.0733,32.37
2026-04-19,Flash Sale,Instagram,Denim Jacket,Video,34998,2565,82,141.85,2378,0.0733,16.76
2026-04-24,Buy 2 Get 1,TikTok,Denim Jacket,Video,27238,1637,55,497.56,2805,0.0601,5.64
2026-05-09,Summer Sale,Facebook,Denim Jacket,Video,22432,1231,35,173.63,980,0.0549,5.64
2026-04-17,Buy 2 Get 1,Facebook,Sneakers,Video,26482,1485,60,319.97,1560,0.0561,4.88
2026-05-12,Weekend Deal,TikTok,Denim Jacket,Carousel,45517,3814,83,398.74,3403,0.0838,8.53
2026-04-15,Summer Sale,Facebook,Denim Jacket,Image,46143,4632,251,319.22,11797,0.1004,36.96
2026-05-30,Summer Sale,TikTok,Tote Bag,Image,23248,2606,92,217.33,4784,0.1121,22.01
2026-05-19,Buy 2 Get 1,Instagram,Denim Jacket,Video,28339,1399,89,450.74,4806,0.0494,10.66
2026-04-03,Summer Sale,Instagram,Cargo Pants,Video,31233,874,55,48.68,1980,0.028,40.67
2026-04-19,Flash Sale,Facebook,Oversized Hoodie,Video,22194,2163,51,322.1,1479,0.0975,4.59
2026-04-23,Buy 2 Get 1,Instagram,Sneakers,Video,37383,4205,89,387.0,2492,0.1125,6.44
2026-05-03,Weekend Deal,Instagram,Denim Jacket,Image,35668,3730,208,93.72,9360,0.1046,99.87
2026-05-26,Flash Sale,TikTok,Tote Bag,Carousel,39238,3810,80,230.68,2240,0.0971,9.71
2026-05-23,Weekend Deal,Instagram,Denim Jacket,Image,48700,4012,96,128.22,5184,0.0824,40.43
2026-04-29,Flash Sale,TikTok,Oversized Hoodie,Image,49525,2718,128,375.95,6272,0.0549,16.68
2026-04-05,Summer Sale,Facebook,Cargo Pants,Reel,11679,371,29,439.62,1334,0.0318,3.03
2026-05-14,Flash Sale,Instagram,Denim Jacket,Reel,41160,2218,143,328.23,6435,0.0539,19.61
2026-04-06,New Arrival,Instagram,Denim Jacket,Image,49459,5470,251,403.67,14056,0.1106,34.82
2026-04-30,New Arrival,Facebook,Oversized Hoodie,Image,47823,3486,125,477.24,4625,0.0729,9.69
2026-05-21,Weekend Deal,Instagram,Sneakers,Reel,5459,548,29,308.45,1508,0.1005,4.89
2026-04-30,Flash Sale,Facebook,Tote Bag,Reel,5731,206,10,153.84,290,0.036,1.89
2026-05-09,Summer Sale,Instagram,Sneakers,Reel,9507,733,45,329.75,900,0.0772,2.73
2026-04-12,Buy 2 Get 1,TikTok,Oversized Hoodie,Reel,17143,831,28,112.14,840,0.0485,7.49
2026-04-27,Buy 2 Get 1,Instagram,Cargo Pants,Video,46064,4053,207,314.12,12420,0.088,39.54
2026-04-07,Buy 2 Get 1,TikTok,Sneakers,Reel,31652,2557,52,207.32,2028,0.0808,9.78
2026-04-22,Buy 2 Get 1,TikTok,Denim Jacket,Carousel,33249,2457,50,372.9,1900,0.0739,5.1
2026-04-23,Flash Sale,TikTok,Cargo Pants,Reel,23053,1871,130,132.35,6110,0.0812,46.17
2026-04-02,Weekend Deal,Facebook,Denim Jacket,Carousel,10126,319,14,368.05,672,0.0316,1.83
2026-04-13,New Arrival,Facebook,Tote Bag,Reel,19455,587,41,137.93,1189,0.0302,8.62
2026-05-23,Weekend Deal,TikTok,Cargo Pants,Video,48414,1922,145,186.54,4785,0.0397,25.65
2026-04-14,New Arrival,TikTok,Oversized Hoodie,Video,20930,1615,125,237.4,3375,0.0772,14.22
2026-05-03,Weekend Deal,TikTok,Oversized Hoodie,Reel,45426,2857,152,356.97,6232,0.0629,17.46
2026-05-09,Weekend Deal,Facebook,Denim Jacket,Image,45731,2496,59,66.79,1888,0.0546,28.27
2026-04-05,New Arrival,Facebook,Sneakers,Video,14046,1515,75,239.09,2850,0.1079,11.92
2026-04-29,New Arrival,Facebook,Sneakers,Reel,9786,915,23,294.56,506,0.0936,1.72
2026-04-16,Weekend Deal,Instagram,Oversized Hoodie,Video,40302,3244,188,89.76,6204,0.0805,69.12
2026-04-09,Buy 2 Get 1,Facebook,Cargo Pants,Reel,13745,1305,96,253.22,4032,0.095,15.92
2026-04-21,Buy 2 Get 1,TikTok,Denim Jacket,Video,39142,802,21,151.41,1008,0.0205,6.66
2026-05-08,Buy 2 Get 1,Instagram,Tote Bag,Reel,29529,3141,115,260.43,2645,0.1064,10.16
2026-04-18,Flash Sale,Instagram,Cargo Pants,Image,18827,1737,64,291.64,1984,0.0923,6.8
2026-04-20,New Arrival,TikTok,Cargo Pants,Video,29077,1288,36,26.03,1512,0.0443,58.09
2026-05-17,Buy 2 Get 1,Facebook,Oversized Hoodie,Carousel,37493,4105,295,295.98,17700,0.1095,59.8
2026-05-17,New Arrival,Instagram,Tote Bag,Video,36135,1047,47,331.0,2021,0.029,6.11
2026-05-28,Weekend Deal,Instagram,Sneakers,Reel,7356,164,12,295.13,420,0.0223,1.42
2026-04-14,Flash Sale,Instagram,Denim Jacket,Reel,32621,998,49,63.19,2940,0.0306,46.53
2026-04-03,Weekend Deal,TikTok,Sneakers,Carousel,40844,3100,152,245.63,3344,0.0759,13.61
2026-05-24,Weekend Deal,Instagram,Denim Jacket,Image,40660,1915,120,317.12,4800,0.0471,15.14
2026-04-16,Buy 2 Get 1,TikTok,Sneakers,Image,40415,2040,141,136.53,6486,0.0505,47.51
2026-05-19,Flash Sale,Instagram,Oversized Hoodie,Reel,12038,1219,83,185.07,2407,0.1013,13.01
2026-05-06,Flash Sale,Instagram,Denim Jacket,Video,43030,2676,90,239.3,2430,0.0622,10.15
2026-05-10,Buy 2 Get 1,TikTok,Oversized Hoodie,Image,5987,175,4,466.76,176,0.0293,0.38
2026-05-13,Summer Sale,Facebook,Denim Jacket,Image,28715,1427,60,124.68,2220,0.0497,17.81
2026-05-07,Weekend Deal,TikTok,Denim Jacket,Image,20037,1803,66,452.03,3630,0.09,8.03
2026-04-01,Buy 2 Get 1,Instagram,Oversized Hoodie,Video,6962,484,30,111.97,1620,0.0696,14.47
2026-04-16,New Arrival,TikTok,Sneakers,Image,6309,709,39,207.22,1521,0.1125,7.34
2026-04-18,New Arrival,TikTok,Tote Bag,Carousel,31376,3608,166,196.16,4482,0.115,22.85
2026-05-25,Summer Sale,Facebook,Tote Bag,Video,28087,2842,65,365.57,2275,0.1012,6.22
2026-05-22,Buy 2 Get 1,Instagram,Cargo Pants,Reel,27900,1498,79,495.82,3397,0.0537,6.85
2026-05-18,Summer Sale,TikTok,Oversized Hoodie,Carousel,42378,4233,291,206.16,10185,0.0999,49.4
2026-05-28,Buy 2 Get 1,Facebook,Tote Bag,Image,14435,1660,64,95.95,2560,0.115,26.68
2026-05-10,Buy 2 Get 1,TikTok,Oversized Hoodie,Carousel,31024,1659,80,274.83,2240,0.0535,8.15
2026-04-04,Weekend Deal,Facebook,Denim Jacket,Carousel,37152,1969,94,337.1,2632,0.053,7.81
2026-05-11,Weekend Deal,Instagram,Tote Bag,Carousel,32933,2973,86,271.34,3354,0.0903,12.36
2026-05-19,New Arrival,Instagram,Cargo Pants,Image,9047,920,65,304.68,2535,0.1018,8.32
2026-04-29,Weekend Deal,Instagram,Cargo Pants,Video,21994,1994,51,200.25,1479,0.0907,7.39
2026-05-22,Weekend Deal,TikTok,Cargo Pants,Carousel,33212,3085,187,265.31,11220,0.0929,42.29
2026-04-17,Flash Sale,TikTok,Tote Bag,Video,30451,3593,154,42.97,4004,0.118,93.18
2026-04-19,Buy 2 Get 1,Instagram,Sneakers,Image,11512,1069,32,42.69,1280,0.0929,29.98
2026-05-08,Weekend Deal,TikTok,Sneakers,Video,24161,1613,75,302.11,3750,0.0668,12.41
2026-04-14,Flash Sale,Instagram,Denim Jacket,Carousel,22175,1501,67,312.39,2479,0.0677,7.94
2026-05-04,Summer Sale,Instagram,Oversized Hoodie,Image,41231,4395,192,140.26,6912,0.1066,49.28
2026-04-09,Buy 2 Get 1,TikTok,Sneakers,Reel,8579,228,12,421.15,432,0.0266,1.03
2026-04-10,Summer Sale,TikTok,Cargo Pants,Image,5266,371,11,270.22,242,0.0705,0.9
2026-05-18,Weekend Deal,Instagram,Denim Jacket,Image,17659,427,14,456.3,714,0.0242,1.56
2026-05-06,Summer Sale,TikTok,Cargo Pants,Reel,9859,900,66,455.61,2574,0.0913,5.65
2026-05-11,Flash Sale,Facebook,Cargo Pants,Video,45391,2991,154,26.05,8470,0.0659,325.14
2026-05-07,Buy 2 Get 1,Facebook,Tote Bag,Video,38237,2623,142,499.37,7952,0.0686,15.92
2026-04-27,Weekend Deal,TikTok,Sneakers,Reel,49547,2194,44,316.42,1936,0.0443,6.12
2026-04-17,New Arrival,TikTok,Oversized Hoodie,Carousel,7072,280,15,255.05,795,0.0397,3.12
2026-04-04,Weekend Deal,Facebook,Oversized Hoodie,Carousel,16116,1137,23,442.02,1150,0.0706,2.6
2026-04-30,Weekend Deal,Instagram,Oversized Hoodie,Reel,6728,604,13,410.66,429,0.0898,1.04
2026-04-07,Buy 2 Get 1,Facebook,Oversized Hoodie,Video,14745,1470,79,302.42,3792,0.0997,12.54
2026-05-17,New Arrival,TikTok,Cargo Pants,Carousel,33959,1158,52,397.42,1872,0.0341,4.71
2026-04-20,Flash Sale,Instagram,Cargo Pants,Image,20788,717,37,269.0,962,0.0345,3.58
2026-05-15,New Arrival,Facebook,Denim Jacket,Carousel,42993,2966,128,175.03,3328,0.069,19.01
2026-05-27,New Arrival,TikTok,Oversized Hoodie,Image,37262,1658,86,495.31,4902,0.0445,9.9
2026-04-30,Buy 2 Get 1,Instagram,Denim Jacket,Image,18923,1776,124,224.16,7068,0.0939,31.53
2026-05-10,Buy 2 Get 1,Facebook,Cargo Pants,Image,28496,985,39,361.16,1989,0.0346,5.51
2026-05-28,Flash Sale,Instagram,Sneakers,Video,43427,4225,252,193.42,8820,0.0973,45.6
2026-05-25,Summer Sale,Facebook,Cargo Pants,Carousel,9265,661,35,360.99,1365,0.0714,3.78
2026-04-17,Flash Sale,Instagram,Oversized Hoodie,Video,13959,628,45,345.04,2475,0.045,7.17
2026-04-09,Flash Sale,Instagram,Oversized Hoodie,Carousel,9864,1138,89,168.16,3916,0.1154,23.29
2026-04-21,Buy 2 Get 1,Instagram,Sneakers,Reel,17304,648,13,30.28,585,0.0375,19.32
2026-05-13,Summer Sale,TikTok,Cargo Pants,Carousel,20797,867,43,473.67,1032,0.0417,2.18
2026-04-18,Buy 2 Get 1,TikTok,Oversized Hoodie,Image,36660,813,46,284.51,2438,0.0222,8.57
2026-05-25,Buy 2 Get 1,TikTok,Cargo Pants,Video,13221,1486,95,491.72,2090,0.1124,4.25
2026-05-19,Buy 2 Get 1,Facebook,Oversized Hoodie,Video,14757,1189,64,474.02,2112,0.0806,4.46
2026-04-29,Weekend Deal,Instagram,Denim Jacket,Image,48198,3075,195,111.39,11115,0.0638,99.78
2026-04-14,Summer Sale,Instagram,Tote Bag,Reel,8233,889,51,86.86,1989,0.108,22.9
2026-05-07,Weekend Deal,TikTok,Cargo Pants,Reel,20166,1139,90,441.52,4230,0.0565,9.58
2026-04-18,Summer Sale,TikTok,Denim Jacket,Video,16668,681,38,497.51,2166,0.0409,4.35
2026-04-17,Summer Sale,Facebook,Denim Jacket,Image,24070,888,32,220.33,672,0.0369,3.05
2026-04-21,Weekend Deal,Instagram,Sneakers,Video,43500,3701,170,281.28,8500,0.0851,30.22
2026-05-11,Buy 2 Get 1,Instagram,Sneakers,Video,47897,4727,299,357.1,8671,0.0987,24.28
2026-05-27,Weekend Deal,Facebook,Tote Bag,Carousel,33553,2670,91,283.5,5460,0.0796,19.26
2026-05-04,New Arrival,Instagram,Tote Bag,Video,44325,2273,116,327.72,4408,0.0513,13.45
2026-04-16,Weekend Deal,Instagram,Oversized Hoodie,Carousel,23927,2505,139,84.18,7645,0.1047,90.82
2026-05-05,Flash Sale,Instagram,Cargo Pants,Reel,24429,2674,73,386.29,3431,0.1095,8.88
2026-04-22,Buy 2 Get 1,TikTok,Tote Bag,Carousel,35787,2290,110,218.33,3300,0.064,15.11
2026-05-18,Weekend Deal,Instagram,Tote Bag,Carousel,31970,1851,130,450.78,6110,0.0579,13.55
2026-04-04,Weekend Deal,Instagram,Denim Jacket,Video,6728,401,19,394.7,608,0.0597,1.54
2026-04-23,Flash Sale,Instagram,Tote Bag,Image,17958,2128,93,255.2,5301,0.1185,20.77
2026-05-17,Weekend Deal,TikTok,Oversized Hoodie,Reel,45330,5253,344,449.81,11008,0.1159,24.47
2026-04-02,Buy 2 Get 1,Facebook,Sneakers,Reel,36791,1817,115,490.55,3220,0.0494,6.56
2026-04-29,Buy 2 Get 1,Instagram,Oversized Hoodie,Video,49970,2548,186,146.44,4278,0.051,29.21
2026-04-24,Buy 2 Get 1,Instagram,Sneakers,Carousel,8037,782,36,382.39,792,0.0974,2.07
2026-05-25,Weekend Deal,Instagram,Cargo Pants,Image,45667,3817,131,415.77,3144,0.0836,7.56
2026-04-04,New Arrival,TikTok,Cargo Pants,Image,40579,1257,59,253.45,2537,0.031,10.01
2026-05-12,New Arrival,TikTok,Oversized Hoodie,Reel,10868,304,12,468.35,564,0.028,1.2
2026-05-23,Summer Sale,Facebook,Sneakers,Video,49495,5127,109,410.5,4142,0.1036,10.09
2026-04-27,Summer Sale,Instagram,Oversized Hoodie,Reel,6681,404,24,144.18,1248,0.0605,8.66
2026-05-12,New Arrival,TikTok,Denim Jacket,Reel,45956,1976,78,223.57,4056,0.043,18.14
2026-05-12,New Arrival,Facebook,Sneakers,Video,5249,393,22,390.16,462,0.075,1.18
2026-05-25,Flash Sale,Instagram,Oversized Hoodie,Video,34260,1041,23,428.3,851,0.0304,1.99
2026-04-01,Buy 2 Get 1,TikTok,Oversized Hoodie,Reel,21407,2065,42,257.67,1638,0.0965,6.36
2026-04-17,New Arrival,Instagram,Denim Jacket,Reel,41582,1255,43,411.94,1935,0.0302,4.7
2026-04-19,New Arrival,Facebook,Oversized Hoodie,Image,9266,220,11,301.86,231,0.0238,0.77
2026-05-17,New Arrival,TikTok,Tote Bag,Image,13056,535,27,200.86,1593,0.041,7.93
2026-04-17,Weekend Deal,Facebook,Sneakers,Carousel,25057,1094,34,116.22,1156,0.0437,9.95
2026-04-21,New Arrival,TikTok,Tote Bag,Carousel,31917,1605,102,337.09,2448,0.0503,7.26
2026-04-20,Flash Sale,Instagram,Oversized Hoodie,Reel,10474,602,22,118.38,550,0.0575,4.65
2026-05-05,Summer Sale,Instagram,Cargo Pants,Reel,32947,3604,261,64.14,12267,0.1094,191.25
2026-04-09,New Arrival,Instagram,Oversized Hoodie,Video,48206,2713,74,61.01,2220,0.0563,36.39
2026-05-07,Flash Sale,Instagram,Sneakers,Image,6387,342,18,362.86,468,0.0536,1.29
2026-04-20,Flash Sale,TikTok,Tote Bag,Reel,45644,3181,204,194.56,4896,0.0697,25.16
2026-04-17,Buy 2 Get 1,Facebook,Oversized Hoodie,Image,19066,1418,42,176.0,1386,0.0744,7.88
2026-04-30,Summer Sale,TikTok,Oversized Hoodie,Reel,39144,2740,68,479.05,3604,0.07,7.52
2026-05-10,New Arrival,Instagram,Tote Bag,Reel,27135,2846,135,153.9,4995,0.1049,32.46
2026-05-27,Summer Sale,TikTok,Cargo Pants,Video,48579,4313,324,363.72,9720,0.0888,26.72
2026-05-15,New Arrival,TikTok,Cargo Pants,Video,24477,1414,82,226.52,1722,0.0578,7.6
2026-04-21,Flash Sale,TikTok,Denim Jacket,Carousel,24964,2329,185,422.18,10175,0.0933,24.1
2026-05-02,Summer Sale,TikTok,Sneakers,Reel,41722,4610,318,377.32,8268,0.1105,21.91
2026-05-15,Buy 2 Get 1,Instagram,Sneakers,Image,30330,1549,40,268.87,1440,0.0511,5.36
2026-05-06,Flash Sale,Instagram,Denim Jacket,Reel,7970,899,55,334.2,3135,0.1129,9.38
2026-05-20,Weekend Deal,TikTok,Sneakers,Reel,36500,1241,43,113.55,1548,0.034,13.63
2026-04-25,Buy 2 Get 1,Instagram,Cargo Pants,Carousel,26903,731,45,271.65,1530,0.0272,5.63
2026-05-01,Buy 2 Get 1,TikTok,Tote Bag,Carousel,19428,1392,87,476.14,4350,0.0717,9.14
2026-04-27,New Arrival,Instagram,Oversized Hoodie,Reel,14463,433,24,234.53,1320,0.03,5.63
2026-04-22,New Arrival,Facebook,Sneakers,Carousel,16350,1281,53,45.65,1166,0.0784,25.54
2026-05-23,Weekend Deal,Facebook,Cargo Pants,Carousel,21535,1009,20,379.13,440,0.0469,1.16
2026-04-17,Buy 2 Get 1,TikTok,Denim Jacket,Image,12742,1145,30,402.29,1470,0.0899,3.65
2026-04-06,Buy 2 Get 1,TikTok,Cargo Pants,Video,28483,1059,61,43.91,3416,0.0372,77.8
2026-05-11,New Arrival,Facebook,Denim Jacket,Image,38704,2577,128,430.69,3328,0.0666,7.73
2026-05-26,Weekend Deal,TikTok,Oversized Hoodie,Video,21339,1741,41,152.61,1722,0.0816,11.28
2026-05-13,Summer Sale,TikTok,Sneakers,Carousel,28510,584,20,306.58,1200,0.0205,3.91
2026-04-24,New Arrival,Instagram,Cargo Pants,Carousel,37226,774,27,383.94,567,0.0208,1.48
2026-04-18,Buy 2 Get 1,TikTok,Oversized Hoodie,Video,21933,524,37,250.56,1924,0.0239,7.68
2026-04-07,Buy 2 Get 1,Instagram,Denim Jacket,Carousel,11812,1024,39,432.12,975,0.0867,2.26
2026-04-27,Weekend Deal,Facebook,Tote Bag,Carousel,10741,539,33,103.68,957,0.0502,9.23
2026-04-30,Summer Sale,Instagram,Cargo Pants,Video,37772,3323,82,263.31,3690,0.088,14.01
2026-04-22,Weekend Deal,Facebook,Tote Bag,Reel,49933,3984,251,188.53,11295,0.0798,59.91
2026-04-18,Summer Sale,Instagram,Cargo Pants,Carousel,10374,612,20,253.73,960,0.059,3.78
2026-05-26,Buy 2 Get 1,Facebook,Tote Bag,Image,9442,722,36,97.46,1152,0.0765,11.82
2026-04-05,New Arrival,TikTok,Tote Bag,Video,20785,989,65,477.83,2730,0.0476,5.71
2026-04-21,Flash Sale,Facebook,Tote Bag,Image,5647,595,46,484.81,1242,0.1054,2.56
2026-04-01,Summer Sale,TikTok,Oversized Hoodie,Reel,21785,673,33,67.14,1617,0.0309,24.08
2026-04-30,New Arrival,Facebook,Tote Bag,Carousel,12402,1067,53,394.46,3021,0.0861,7.66
2026-04-16,Buy 2 Get 1,TikTok,Oversized Hoodie,Reel,29924,1831,73,331.91,3066,0.0612,9.24
2026-05-12,New Arrival,Instagram,Oversized Hoodie,Reel,38466,3688,135,93.97,5670,0.0959,60.34
2026-04-10,Buy 2 Get 1,TikTok,Denim Jacket,Carousel,5197,576,38,220.62,1406,0.111,6.37
2026-05-10,Flash Sale,Facebook,Oversized Hoodie,Reel,19839,1277,55,220.16,3135,0.0644,14.24
2026-05-11,New Arrival,TikTok,Cargo Pants,Image,37925,887,37,132.14,888,0.0234,6.72
2026-04-19,Weekend Deal,TikTok,Sneakers,Video,17485,2085,65,262.72,1430,0.1193,5.44
2026-05-28,New Arrival,Facebook,Denim Jacket,Video,43033,4927,258,422.35,9546,0.1145,22.6
2026-04-24,Weekend Deal,TikTok,Tote Bag,Video,30041,2409,49,454.65,2058,0.0802,4.53
2026-04-11,New Arrival,Instagram,Sneakers,Carousel,8436,215,10,293.81,430,0.0256,1.46
2026-05-22,Weekend Deal,Instagram,Sneakers,Video,44395,1984,90,329.11,3240,0.0447,9.84
2026-04-10,Flash Sale,Instagram,Sneakers,Carousel,23720,932,52,467.59,1040,0.0393,2.22
2026-04-26,New Arrival,Instagram,Denim Jacket,Carousel,31362,1445,68,442.7,3876,0.0461,8.76
2026-04-06,Flash Sale,TikTok,Tote Bag,Video,43704,3793,79,435.13,1975,0.0868,4.54
2026-05-19,Summer Sale,TikTok,Sneakers,Reel,12532,364,21,76.52,903,0.0291,11.8
2026-04-07,Buy 2 Get 1,TikTok,Sneakers,Image,20175,1269,53,34.1,2332,0.0629,68.39
2026-05-23,Buy 2 Get 1,TikTok,Oversized Hoodie,Reel,25205,826,48,394.59,2736,0.0328,6.93
2026-05-12,Flash Sale,Facebook,Sneakers,Image,25053,2407,163,278.62,9454,0.0961,33.93
2026-04-20,Summer Sale,TikTok,Oversized Hoodie,Reel,7486,668,35,95.96,1155,0.0893,12.04
2026-04-04,Weekend Deal,Instagram,Denim Jacket,Carousel,39508,940,67,242.29,3752,0.0238,15.49
2026-05-10,Summer Sale,TikTok,Cargo Pants,Image,41253,1014,60,53.36,1380,0.0246,25.86
2026-04-27,Buy 2 Get 1,Instagram,Tote Bag,Video,45888,1339,39,115.74,2262,0.0292,19.54
2026-05-30,Summer Sale,Instagram,Sneakers,Carousel,45445,1704,45,194.46,1395,0.0375,7.17
2026-05-26,Summer Sale,TikTok,Denim Jacket,Carousel,24800,2723,173,379.25,6055,0.1098,15.97
2026-04-28,Weekend Deal,Instagram,Sneakers,Reel,28700,1888,62,214.75,2046,0.0658,9.53
2026-04-25,Weekend Deal,Instagram,Oversized Hoodie,Carousel,33241,827,36,49.8,2052,0.0249,41.2
2026-05-19,Summer Sale,Instagram,Sneakers,Carousel,36535,3394,213,262.86,10437,0.0929,39.71
2026-05-09,New Arrival,TikTok,Denim Jacket,Reel,28205,2394,63,193.59,2079,0.0849,10.74
2026-05-05,Buy 2 Get 1,Facebook,Denim Jacket,Video,37589,2168,172,300.39,4128,0.0577,13.74
2026-04-11,Weekend Deal,TikTok,Cargo Pants,Carousel,17133,1939,84,478.02,3444,0.1132,7.2
2026-05-06,Flash Sale,TikTok,Tote Bag,Reel,8430,193,15,422.74,375,0.023,0.89
2026-05-09,New Arrival,TikTok,Tote Bag,Image,15561,692,36,119.74,2160,0.0445,18.04
2026-04-06,Flash Sale,TikTok,Cargo Pants,Reel,29533,2678,125,469.81,5750,0.0907,12.24
2026-04-10,New Arrival,TikTok,Sneakers,Image,14951,305,10,164.99,600,0.0204,3.64
2026-04-02,Summer Sale,Facebook,Cargo Pants,Carousel,23330,2612,112,36.85,3136,0.112,85.1
2026-04-13,Buy 2 Get 1,Facebook,Cargo Pants,Reel,33091,1270,45,452.6,1305,0.0384,2.88
2026-05-25,Summer Sale,Facebook,Sneakers,Reel,45759,2384,118,424.86,5074,0.0521,11.94
2026-04-08,Buy 2 Get 1,Instagram,Sneakers,Image,13548,1074,53,221.9,1696,0.0793,7.64
2026-05-29,Buy 2 Get 1,Instagram,Sneakers,Reel,33875,2198,71,41.3,1988,0.0649,48.14
2026-05-30,Flash Sale,Instagram,Denim Jacket,Reel,25229,2187,61,397.89,2867,0.0867,7.21
2026-05-25,Buy 2 Get 1,Instagram,Cargo Pants,Carousel,15501,1785,87,44.79,2436,0.1152,54.39
2026-04-21,New Arrival,TikTok,Tote Bag,Video,8100,213,9,332.15,324,0.0263,0.98
2026-04-16,Weekend Deal,TikTok,Sneakers,Image,38149,4287,317,103.27,12680,0.1124,122.78
2026-04-21,New Arrival,TikTok,Oversized Hoodie,Video,12016,297,10,395.11,350,0.0248,0.89
2026-04-13,Weekend Deal,Facebook,Cargo Pants,Image,48820,2436,104,450.17,4576,0.0499,10.17
2026-05-03,Buy 2 Get 1,Instagram,Oversized Hoodie,Reel,15442,1706,134,498.3,4690,0.1105,9.41
2026-04-27,New Arrival,Facebook,Oversized Hoodie,Carousel,30867,1552,111,287.18,3774,0.0503,13.14
2026-05-14,Flash Sale,Facebook,Denim Jacket,Video,43980,4815,268,408.8,6432,0.1095,15.73
2026-04-16,Weekend Deal,Facebook,Sneakers,Video,49609,2455,154,66.48,4312,0.0495,64.86
2026-05-26,Summer Sale,Facebook,Sneakers,Carousel,46540,3546,175,221.55,7875,0.0762,35.55
2026-04-01,Weekend Deal,TikTok,Denim Jacket,Carousel,23939,2140,159,25.03,5565,0.0894,222.33
2026-04-06,Buy 2 Get 1,TikTok,Tote Bag,Reel,13404,1306,52,273.77,2080,0.0975,7.6
2026-05-04,Buy 2 Get 1,Facebook,Oversized Hoodie,Image,39323,2992,177,85.45,4248,0.0761,49.71
2026-04-06,Buy 2 Get 1,TikTok,Denim Jacket,Carousel,44638,5106,354,135.3,11682,0.1144,86.34
2026-05-18,Summer Sale,Facebook,Tote Bag,Video,49920,2530,80,72.59,3440,0.0507,47.39
2026-05-05,New Arrival,TikTok,Oversized Hoodie,Video,40588,3730,212,463.29,6148,0.0919,13.27
2026-04-17,Weekend Deal,TikTok,Denim Jacket,Reel,45786,3278,232,487.73,8120,0.0716,16.65
2026-04-15,Buy 2 Get 1,TikTok,Cargo Pants,Video,17632,885,59,365.41,2419,0.0502,6.62
2026-05-16,Buy 2 Get 1,TikTok,Sneakers,Reel,14458,663,13,200.94,689,0.0459,3.43
2026-04-20,Flash Sale,Instagram,Denim Jacket,Carousel,28219,2946,82,316.72,4838,0.1044,15.28
2026-05-19,Flash Sale,Instagram,Tote Bag,Image,27737,2191,119,346.82,2380,0.079,6.86
2026-05-26,Weekend Deal,TikTok,Denim Jacket,Carousel,14188,482,37,342.91,1184,0.034,3.45
2026-04-24,Weekend Deal,TikTok,Tote Bag,Video,32994,3873,305,136.87,11590,0.1174,84.68
2026-04-26,New Arrival,TikTok,Tote Bag,Reel,5460,602,24,50.71,600,0.1103,11.83
2026-05-02,Flash Sale,TikTok,Sneakers,Image,22215,528,16,436.01,608,0.0238,1.39
2026-04-02,New Arrival,TikTok,Tote Bag,Image,16072,1669,63,258.23,1890,0.1039,7.32
2026-05-05,Weekend Deal,TikTok,Cargo Pants,Carousel,7424,515,39,317.07,1521,0.0694,4.8
2026-04-13,Summer Sale,Facebook,Oversized Hoodie,Image,46480,4661,126,195.77,5166,0.1003,26.39
2026-04-21,Weekend Deal,Instagram,Denim Jacket,Carousel,25406,1730,45,285.45,1980,0.0681,6.94
2026-04-05,Summer Sale,Facebook,Denim Jacket,Image,24098,1371,45,466.97,1530,0.0569,3.28
2026-04-28,New Arrival,TikTok,Denim Jacket,Reel,20961,1595,74,386.77,3552,0.0761,9.18
2026-05-15,Weekend Deal,Instagram,Sneakers,Image,25288,2192,154,150.28,4928,0.0867,32.79
2026-05-24,Summer Sale,Instagram,Denim Jacket,Carousel,33589,2240,127,361.37,3048,0.0667,8.43
2026-04-15,Flash Sale,Instagram,Tote Bag,Video,38928,3923,147,237.47,3087,0.1008,13.0
2026-05-13,Weekend Deal,TikTok,Denim Jacket,Carousel,17841,1734,62,356.85,2108,0.0972,5.91
2026-05-30,Flash Sale,Instagram,Sneakers,Reel,17464,1999,57,417.34,2508,0.1145,6.01
2026-04-23,Weekend Deal,Facebook,Sneakers,Carousel,24012,974,52,446.03,1352,0.0406,3.03
2026-04-17,New Arrival,TikTok,Sneakers,Video,24814,2091,55,73.12,3135,0.0843,42.87
2026-05-02,New Arrival,Facebook,Denim Jacket,Video,43499,2770,78,433.8,4212,0.0637,9.71
2026-04-26,New Arrival,Facebook,Sneakers,Video,29402,2219,96,352.42,3264,0.0755,9.26
2026-05-23,Flash Sale,TikTok,Sneakers,Reel,35775,2185,149,402.34,3874,0.0611,9.63
2026-04-15,New Arrival,Facebook,Tote Bag,Carousel,10643,889,60,28.01,1200,0.0836,42.84
2026-05-09,New Arrival,Instagram,Sneakers,Reel,5246,548,24,250.23,744,0.1045,2.97
2026-05-22,Flash Sale,Instagram,Sneakers,Video,43406,2482,131,131.76,6550,0.0572,49.71
2026-04-02,New Arrival,TikTok,Denim Jacket,Image,21937,963,20,114.92,1140,0.0439,9.92
2026-04-29,Buy 2 Get 1,TikTok,Oversized Hoodie,Image,8001,228,6,395.34,342,0.0286,0.87
2026-05-06,Summer Sale,Facebook,Tote Bag,Video,46097,3549,250,92.69,14750,0.077,159.13
2026-04-14,Flash Sale,TikTok,Sneakers,Reel,17469,817,20,333.21,1120,0.0468,3.36
2026-04-09,Weekend Deal,TikTok,Denim Jacket,Reel,42673,5001,261,289.45,13311,0.1172,45.99
2026-04-13,Weekend Deal,Instagram,Cargo Pants,Video,15217,1714,111,37.84,4551,0.1127,120.27
2026-04-20,Summer Sale,TikTok,Denim Jacket,Image,22561,1225,93,209.77,3441,0.0543,16.4
2026-05-17,Summer Sale,Instagram,Tote Bag,Reel,20430,1082,43,208.66,2236,0.053,10.72
2026-05-03,Summer Sale,Instagram,Denim Jacket,Reel,19432,542,11,490.95,583,0.0279,1.19
2026-04-12,Flash Sale,Facebook,Oversized Hoodie,Reel,12961,504,36,241.15,1908,0.0389,7.91
2026-05-06,Buy 2 Get 1,Facebook,Sneakers,Carousel,11586,1116,63,432.04,2142,0.0964,4.96
2026-04-07,Weekend Deal,Facebook,Tote Bag,Carousel,25713,1501,77,260.47,3619,0.0584,13.89
2026-05-04,Weekend Deal,TikTok,Tote Bag,Image,6213,398,24,306.66,1176,0.0641,3.83
2026-05-08,New Arrival,Facebook,Cargo Pants,Reel,20665,892,38,460.37,1140,0.0432,2.48
2026-05-28,Buy 2 Get 1,TikTok,Oversized Hoodie,Image,21880,457,25,409.91,575,0.0209,1.4
2026-05-20,Weekend Deal,Instagram,Tote Bag,Image,18917,423,18,34.55,1062,0.0224,30.74
2026-05-14,Flash Sale,Instagram,Denim Jacket,Image,43230,3129,235,354.66,12455,0.0724,35.12
2026-04-09,Summer Sale,Facebook,Denim Jacket,Image,31756,2848,185,96.35,6105,0.0897,63.36
2026-04-30,Flash Sale,TikTok,Denim Jacket,Image,20097,1850,62,36.37,2728,0.0921,75.01
2026-05-25,Flash Sale,Instagram,Oversized Hoodie,Reel,43915,3833,233,235.48,7223,0.0873,30.67
2026-04-02,Summer Sale,Instagram,Sneakers,Video,13622,1494,30,399.41,1050,0.1097,2.63
2026-04-18,Flash Sale,Instagram,Oversized Hoodie,Carousel,11688,753,46,210.8,1886,0.0645,8.95
